TEAM1,TEAM2,DIFF
2024CONNECTICUT,2024STETSON,39.0
2024FLORIDAATLANTIC,2024NORTHWESTERN,-12.0
2024SANDIEGOST,2024UAB,4.0
2024AUBURN,2024YALE,-2.0
2024BYU,2024DUQUESNE,-4.0
2024ILLINOIS,2024MOREHEADST,16.0
2024WASHINGTONST,2024DRAKE,5.0
2024IOWAST,2024SOUTHDAKOTAST,17.0
2024NORTHCAROLINA,2024WAGNER,28.0
2024MISSISSIPPIST,2024MICHIGANST,-18.0
2024SAINTMARYS,2024GRANDCANYON,-9.0
2024ALABAMA,2024COLLEGEOFCHARLESTON,13.0
2024CLEMSON,2024NEWMEXICO,21.0
2024BAYLOR,2024COLGATE,25.0
2024DAYTON,2024NEVADA,3.0
2024ARIZONA,2024LONGBEACHST,20.0
2024HOUSTON,2024LONGWOOD,40.0
2024NEBRASKA,2024TEXASAM,-15.0
2024WISCONSIN,2024JAMESMADISON,-11.0
2024DUKE,2024VERMONT,17.0
2024TEXASTECH,2024NORTHCAROLINAST,-13.0
2024KENTUCKY,2024OAKLAND,-4.0
2024FLORIDA,2024COLORADO,-2.0
2024MARQUETTE,2024WESTERNKENTUCKY,18.0
2024PURDUE,2024GRAMBLINGST,28.0
2024UTAHST,2024TCU,16.0
2024GONZAGA,2024MCNEESEST,21.0
2024KANSAS,2024SAMFORD,4.0
2024SOUTHCAROLINA,2024OREGON,-14.0
2024CREIGHTON,2024AKRON,17.0
2024TEXAS,2024COLORADOST,12.0
2024TENNESSEE,2024SAINTPETERS,34.0
2024CONNECTICUT,2024NORTHWESTERN,17.0
2024SANDIEGOST,2024YALE,28.0
2024DUQUESNE,2024ILLINOIS,-26.0
2024WASHINGTONST,2024IOWAST,-11.0
2024NORTHCAROLINA,2024MICHIGANST,16.0
2024GRANDCANYON,2024ALABAMA,-11.0
2024CLEMSON,2024BAYLOR,8.0
2024DAYTON,2024ARIZONA,-10.0
2024HOUSTON,2024TEXASAM,5.0
2024JAMESMADISON,2024DUKE,-38.0
2024NORTHCAROLINAST,2024OAKLAND,6.0
2024COLORADO,2024MARQUETTE,-4.0
2024PURDUE,2024UTAHST,39.0
2024GONZAGA,2024KANSAS,21.0
2024OREGON,2024CREIGHTON,-13.0
2024TEXAS,2024TENNESSEE,-4.0
2024CONNECTICUT,2024SANDIEGOST,30.0
2024ILLINOIS,2024IOWAST,3.0
2024NORTHCAROLINA,2024ALABAMA,-2.0
2024CLEMSON,2024ARIZONA,5.0
2024HOUSTON,2024DUKE,-3.0
2024NORTHCAROLINAST,2024MARQUETTE,9.0
2024PURDUE,2024GONZAGA,12.0
2024CREIGHTON,2024TENNESSEE,-7.0
2024CONNECTICUT,2024ILLINOIS,25.0
2024ALABAMA,2024CLEMSON,7.0
2024DUKE,2024NORTHCAROLINAST,-12.0
2024PURDUE,2024TENNESSEE,6.0
2024CONNECTICUT,2024ALABAMA,14.0
2024NORTHCAROLINAST,2024PURDUE,-13.0
2024CONNECTICUT,2024PURDUE,15.0
2023ALABAMA,2023TEXASAMCORPUSCHRIS,21.0
2023MARYLAND,2023WESTVIRGINIA,2.0
2023SANDIEGOST,2023COLLEGEOFCHARLESTON,6.0
2023VIRGINIA,2023FURMAN,-1.0
2023CREIGHTON,2023NORTHCAROLINAST,9.0
2023BAYLOR,2023UCSANTABARBARA,18.0
2023MISSOURI,2023UTAHST,11.0
2023ARIZONA,2023PRINCETON,-4.0
2023PURDUE,2023FAIRLEIGHDICKINSON,-5.0
2023MEMPHIS,2023FLORIDAATLANTIC,-1.0
2023DUKE,2023ORALROBERTS,23.0
2023TENNESSEE,2023LOUISIANALAFAYETTE,3.0
2023KENTUCKY,2023PROVIDENCE,8.0
2023KANSASST,2023MONTANAST,12.0
2023MICHIGANST,2023USC,10.0
2023MARQUETTE,2023VERMONT,17.0
2023HOUSTON,2023NORTHERNKENTUCKY,11.0
2023IOWA,2023AUBURN,-8.0
2023MIAMIFL,2023DRAKE,7.0
2023INDIANA,2023KENTST,11.0
2023IOWAST,2023PITTSBURGH,-18.0
2023XAVIER,2023KENNESAWST,5.0
2023TEXASAM,2023PENNST,-17.0
2023TEXAS,2023COLGATE,20.0
2023KANSAS,2023HOWARD,28.0
2023ARKANSAS,2023ILLINOIS,10.0
2023SAINTMARYS,2023VCU,12.0
2023CONNECTICUT,2023IONA,24.0
2023TCU,2023ARIZONAST,2.0
2023GONZAGA,2023GRANDCANYON,12.0
2023NORTHWESTERN,2023BOISEST,8.0
2023UCLA,2023UNCASHEVILLE,33.0
2023ALABAMA,2023MARYLAND,22.0
2023SANDIEGOST,2023FURMAN,23.0
2023CREIGHTON,2023BAYLOR,9.0
2023MISSOURI,2023PRINCETON,-15.0
2023FAIRLEIGHDICKINSON,2023FLORIDAATLANTIC,-8.0
2023DUKE,2023TENNESSEE,-13.0
2023KENTUCKY,2023KANSASST,-6.0
2023MICHIGANST,2023MARQUETTE,9.0
2023HOUSTON,2023AUBURN,17.0
2023MIAMIFL,2023INDIANA,16.0
2023PITTSBURGH,2023XAVIER,-11.0
2023PENNST,2023TEXAS,-5.0
2023KANSAS,2023ARKANSAS,-1.0
2023SAINTMARYS,2023CONNECTICUT,-15.0
2023TCU,2023GONZAGA,-3.0
2023NORTHWESTERN,2023UCLA,-5.0
2023ALABAMA,2023SANDIEGOST,-7.0
2023CREIGHTON,2023PRINCETON,11.0
2023FLORIDAATLANTIC,2023TENNESSEE,7.0
2023KANSASST,2023MICHIGANST,5.0
2023HOUSTON,2023MIAMIFL,-14.0
2023XAVIER,2023TEXAS,-12.0
2023ARKANSAS,2023CONNECTICUT,-23.0
2023GONZAGA,2023UCLA,3.0
2023SANDIEGOST,2023CREIGHTON,1.0
2023FLORIDAATLANTIC,2023KANSASST,3.0
2023MIAMIFL,2023TEXAS,7.0
2023CONNECTICUT,2023GONZAGA,28.0
2023SANDIEGOST,2023FLORIDAATLANTIC,1.0
2023MIAMIFL,2023CONNECTICUT,-13.0
2023SANDIEGOST,2023CONNECTICUT,-17.0
2022GONZAGA,2022GEORGIAST,21.0
2022BOISEST,2022MEMPHIS,-11.0
2022CONNECTICUT,2022NEWMEXICOST,-7.0
2022ARKANSAS,2022VERMONT,4.0
2022ALABAMA,2022NOTREDAME,-14.0
2022TEXASTECH,2022MONTANAST,35.0
2022MICHIGANST,2022DAVIDSON,1.0
2022DUKE,2022CALSTFULLERTON,17.0
2022BAYLOR,2022NORFOLKST,36.0
2022NORTHCAROLINA,2022MARQUETTE,32.0
2022SAINTMARYS,2022INDIANA,29.0
2022UCLA,2022AKRON,4.0
2022TEXAS,2022VIRGINIATECH,8.0
2022PURDUE,2022YALE,22.0
2022MURRAYST,2022SANFRANCISCO,5.0
2022KENTUCKY,2022SAINTPETERS,-6.0
2022ARIZONA,2022WRIGHTST,17.0
2022SETONHALL,2022TCU,-27.0
2022HOUSTON,2022UAB,14.0
2022ILLINOIS,2022CHATTANOOGA,1.0
2022COLORADOST,2022MICHIGAN,-12.0
2022TENNESSEE,2022LONGWOOD,32.0
2022OHIOST,2022LOYOLACHICAGO,13.0
2022VILLANOVA,2022DELAWARE,20.0
2022KANSAS,2022TEXASSOUTHERN,27.0
2022SANDIEGOST,2022CREIGHTON,-3.0
2022IOWA,2022RICHMOND,-4.0
2022PROVIDENCE,2022SOUTHDAKOTAST,9.0
2022LSU,2022IOWAST,-5.0
2022WISCONSIN,2022COLGATE,7.0
2022USC,2022MIAMIFL,-2.0
2022AUBURN,2022JACKSONVILLEST,19.0
2022GONZAGA,2022MEMPHIS,4.0
2022NEWMEXICOST,2022ARKANSAS,-5.0
2022NOTREDAME,2022TEXASTECH,-6.0
2022MICHIGANST,2022DUKE,-9.0
2022BAYLOR,2022NORTHCAROLINA,-7.0
2022SAINTMARYS,2022UCLA,-16.0
2022TEXAS,2022PURDUE,-10.0
2022MURRAYST,2022SAINTPETERS,-10.0
2022ARIZONA,2022TCU,5.0
2022HOUSTON,2022ILLINOIS,15.0
2022MICHIGAN,2022TENNESSEE,8.0
2022OHIOST,2022VILLANOVA,-10.0
2022KANSAS,2022CREIGHTON,7.0
2022RICHMOND,2022PROVIDENCE,-28.0
2022IOWAST,2022WISCONSIN,5.0
2022MIAMIFL,2022AUBURN,18.0
2022GONZAGA,2022ARKANSAS,-6.0
2022TEXASTECH,2022DUKE,-5.0
2022NORTHCAROLINA,2022UCLA,7.0
2022PURDUE,2022SAINTPETERS,-3.0
2022ARIZONA,2022HOUSTON,-12.0
2022MICHIGAN,2022VILLANOVA,-8.0
2022KANSAS,2022PROVIDENCE,5.0
2022IOWAST,2022MIAMIFL,-14.0
2022ARKANSAS,2022DUKE,-9.0
2022NORTHCAROLINA,2022SAINTPETERS,20.0
2022HOUSTON,2022VILLANOVA,-6.0
2022KANSAS,2022MIAMIFL,26.0
2022DUKE,2022NORTHCAROLINA,-4.0
2022VILLANOVA,2022KANSAS,-16.0
2022NORTHCAROLINA,2022KANSAS,-3.0
2021GONZAGA,2021NORFOLKST,43.0
2021OKLAHOMA,2021MISSOURI,4.0
2021CREIGHTON,2021UCSANTABARBARA,1.0
2021VIRGINIA,2021OHIO,-4.0
2021USC,2021DRAKE,16.0
2021KANSAS,2021EASTERNWASHINGTON,9.0
2021IOWA,2021GRANDCANYON,12.0
2021MICHIGAN,2021TEXASSOUTHERN,16.0
2021LSU,2021STBONAVENTURE,15.0
2021COLORADO,2021GEORGETOWN,23.0
2021FLORIDAST,2021UNCGREENSBORO,10.0
2021BYU,2021UCLA,-11.0
2021TEXAS,2021ABILENECHRISTIAN,-1.0
2021CONNECTICUT,2021MARYLAND,-9.0
2021ALABAMA,2021IONA,13.0
2021BAYLOR,2021HARTFORD,24.0
2021NORTHCAROLINA,2021WISCONSIN,-23.0
2021VILLANOVA,2021WINTHROP,10.0
2021PURDUE,2021NORTHTEXAS,-9.0
2021TEXASTECH,2021UTAHST,12.0
2021ARKANSAS,2021COLGATE,17.0
2021FLORIDA,2021VIRGINIATECH,5.0
2021OHIOST,2021ORALROBERTS,-3.0
2021ILLINOIS,2021DREXEL,29.0
2021LOYOLACHICAGO,2021GEORGIATECH,11.0
2021TENNESSEE,2021OREGONST,-14.0
2021OKLAHOMAST,2021LIBERTY,9.0
2021SANDIEGOST,2021SYRACUSE,-16.0
2021WESTVIRGINIA,2021MOREHEADST,17.0
2021CLEMSON,2021RUTGERS,-4.0
2021HOUSTON,2021CLEVELANDST,31.0
2021GONZAGA,2021OKLAHOMA,16.0
2021CREIGHTON,2021OHIO,14.0
2021USC,2021KANSAS,34.0
2021OREGON,2021IOWA,15.0
2021MICHIGAN,2021LSU,8.0
2021COLORADO,2021FLORIDAST,-18.0
2021UCLA,2021ABILENECHRISTIAN,20.0
2021MARYLAND,2021ALABAMA,-19.0
2021BAYLOR,2021WISCONSIN,13.0
2021VILLANOVA,2021NORTHTEXAS,23.0
2021TEXASTECH,2021ARKANSAS,-2.0
2021FLORIDA,2021ORALROBERTS,-3.0
2021ILLINOIS,2021LOYOLACHICAGO,-13.0
2021OREGONST,2021OKLAHOMAST,10.0
2021SYRACUSE,2021WESTVIRGINIA,3.0
2021RUTGERS,2021HOUSTON,-3.0
2021GONZAGA,2021CREIGHTON,18.0
2021USC,2021OREGON,14.0
2021MICHIGAN,2021FLORIDAST,18.0
2021UCLA,2021ALABAMA,10.0
2021BAYLOR,2021VILLANOVA,11.0
2021ARKANSAS,2021ORALROBERTS,2.0
2021LOYOLACHICAGO,2021OREGONST,-7.0
2021SYRACUSE,2021HOUSTON,-16.0
2021GONZAGA,2021USC,19.0
2021MICHIGAN,2021UCLA,-2.0
2021BAYLOR,2021ARKANSAS,9.0
2021OREGONST,2021HOUSTON,-6.0
2021GONZAGA,2021UCLA,3.0
2021BAYLOR,2021HOUSTON,19.0
2021GONZAGA,2021BAYLOR,-16.0
2019DUKE,2019NORTHDAKOTAST,23.0
2019VCU,2019UCF,-15.0
2019MISSISSIPPIST,2019LIBERTY,-4.0
2019VIRGINIATECH,2019SAINTLOUIS,14.0
2019MARYLAND,2019BELMONT,2.0
2019LSU,2019YALE,5.0
2019LOUISVILLE,2019MINNESOTA,-10.0
2019MICHIGANST,2019BRADLEY,11.0
2019GONZAGA,2019FAIRLEIGHDICKINSON,38.0
2019SYRACUSE,2019BAYLOR,-9.0
2019MARQUETTE,2019MURRAYST,-19.0
2019FLORIDAST,2019VERMONT,7.0
2019BUFFALO,2019ARIZONAST,17.0
2019TEXASTECH,2019NORTHERNKENTUCKY,15.0
2019NEVADA,2019FLORIDA,-9.0
2019MICHIGAN,2019MONTANA,19.0
2019VIRGINIA,2019GARDNERWEBB,15.0
2019MISSISSIPPI,2019OKLAHOMA,-23.0
2019WISCONSIN,2019OREGON,-18.0
2019KANSASST,2019UCIRVINE,-6.0
2019VILLANOVA,2019SAINTMARYS,4.0
2019PURDUE,2019OLDDOMINION,13.0
2019CINCINNATI,2019IOWA,-7.0
2019TENNESSEE,2019COLGATE,7.0
2019NORTHCAROLINA,2019IONA,15.0
2019UTAHST,2019WASHINGTON,-17.0
2019AUBURN,2019NEWMEXICOST,1.0
2019KANSAS,2019NORTHEASTERN,35.0
2019IOWAST,2019OHIOST,-3.0
2019HOUSTON,2019GEORGIAST,29.0
2019WOFFORD,2019SETONHALL,16.0
2019KENTUCKY,2019ABILENECHRISTIAN,35.0
2019DUKE,2019UCF,1.0
2019LIBERTY,2019VIRGINIATECH,-9.0
2019MARYLAND,2019LSU,-2.0
2019MINNESOTA,2019MICHIGANST,-20.0
2019GONZAGA,2019BAYLOR,12.0
2019MURRAYST,2019FLORIDAST,-28.0
2019BUFFALO,2019TEXASTECH,-20.0
2019FLORIDA,2019MICHIGAN,-15.0
2019VIRGINIA,2019OKLAHOMA,12.0
2019OREGON,2019UCIRVINE,19.0
2019VILLANOVA,2019PURDUE,-26.0
2019IOWA,2019TENNESSEE,-6.0
2019NORTHCAROLINA,2019WASHINGTON,22.0
2019AUBURN,2019KANSAS,14.0
2019OHIOST,2019HOUSTON,-15.0
2019WOFFORD,2019KENTUCKY,-6.0
2019DUKE,2019VIRGINIATECH,2.0
2019LSU,2019MICHIGANST,-17.0
2019GONZAGA,2019FLORIDAST,14.0
2019TEXASTECH,2019MICHIGAN,19.0
2019VIRGINIA,2019OREGON,4.0
2019PURDUE,2019TENNESSEE,5.0
2019NORTHCAROLINA,2019AUBURN,-17.0
2019HOUSTON,2019KENTUCKY,-4.0
2019DUKE,2019MICHIGANST,-1.0
2019GONZAGA,2019TEXASTECH,-6.0
2019VIRGINIA,2019PURDUE,5.0
2019AUBURN,2019KENTUCKY,6.0
2019MICHIGANST,2019TEXASTECH,-10.0
2019VIRGINIA,2019AUBURN,1.0
2019TEXASTECH,2019VIRGINIA,-8.0
2018VIRGINIA,2018UMBC,-20.0
2018CREIGHTON,2018KANSASST,-10.0
2018KENTUCKY,2018DAVIDSON,5.0
2018ARIZONA,2018BUFFALO,-21.0
2018MIAMIFL,2018LOYOLACHICAGO,-2.0
2018TENNESSEE,2018WRIGHTST,26.0
2018NEVADA,2018TEXAS,4.0
2018CINCINNATI,2018GEORGIAST,15.0
2018XAVIER,2018TEXASSOUTHERN,19.0
2018MISSOURI,2018FLORIDAST,-13.0
2018OHIOST,2018SOUTHDAKOTAST,8.0
2018GONZAGA,2018UNCGREENSBORO,4.0
2018HOUSTON,2018SANDIEGOST,2.0
2018MICHIGAN,2018MONTANA,14.0
2018TEXASAM,2018PROVIDENCE,4.0
2018NORTHCAROLINA,2018LIPSCOMB,18.0
2018VILLANOVA,2018RADFORD,26.0
2018VIRGINIATECH,2018ALABAMA,-3.0
2018WESTVIRGINIA,2018MURRAYST,17.0
2018WICHITAST,2018MARSHALL,-6.0
2018FLORIDA,2018STBONAVENTURE,15.0
2018TEXASTECH,2018STEPHENFAUSTIN,10.0
2018ARKANSAS,2018BUTLER,-17.0
2018PURDUE,2018CALSTFULLERTON,26.0
2018KANSAS,2018PENN,16.0
2018SETONHALL,2018NORTHCAROLINAST,11.0
2018CLEMSON,2018NEWMEXICOST,11.0
2018AUBURN,2018COLLEGEOFCHARLESTON,4.0
2018TCU,2018SYRACUSE,-5.0
2018MICHIGANST,2018BUCKNELL,4.0
2018RHODEISLAND,2018OKLAHOMA,5.0
2018DUKE,2018IONA,22.0
2018UMBC,2018KANSASST,-7.0
2018KENTUCKY,2018BUFFALO,20.0
2018LOYOLACHICAGO,2018TENNESSEE,1.0
2018NEVADA,2018CINCINNATI,2.0
2018XAVIER,2018FLORIDAST,-5.0
2018OHIOST,2018GONZAGA,-6.0
2018HOUSTON,2018MICHIGAN,-1.0
2018TEXASAM,2018NORTHCAROLINA,21.0
2018VILLANOVA,2018ALABAMA,23.0
2018WESTVIRGINIA,2018MARSHALL,23.0
2018FLORIDA,2018TEXASTECH,-3.0
2018BUTLER,2018PURDUE,-3.0
2018KANSAS,2018SETONHALL,4.0
2018CLEMSON,2018AUBURN,31.0
2018SYRACUSE,2018MICHIGANST,2.0
2018RHODEISLAND,2018DUKE,-25.0
2018KANSASST,2018KENTUCKY,3.0
2018LOYOLACHICAGO,2018NEVADA,1.0
2018FLORIDAST,2018GONZAGA,15.0
2018MICHIGAN,2018TEXASAM,27.0
2018VILLANOVA,2018WESTVIRGINIA,12.0
2018TEXASTECH,2018PURDUE,13.0
2018KANSAS,2018CLEMSON,4.0
2018SYRACUSE,2018DUKE,-4.0
2018KANSASST,2018LOYOLACHICAGO,-16.0
2018FLORIDAST,2018MICHIGAN,-4.0
2018VILLANOVA,2018TEXASTECH,12.0
2018KANSAS,2018DUKE,4.0
2018LOYOLACHICAGO,2018MICHIGAN,-12.0
2018VILLANOVA,2018KANSAS,16.0
2018MICHIGAN,2018VILLANOVA,-17.0
2017VILLANOVA,2017MOUNTSTMARYS,20.0
2017WISCONSIN,2017VIRGINIATECH,10.0
2017VIRGINIA,2017UNCWILMINGTON,5.0
2017FLORIDA,2017EASTTENNESSEEST,15.0
2017SMU,2017USC,-1.0
2017BAYLOR,2017NEWMEXICOST,18.0
2017SOUTHCAROLINA,2017MARQUETTE,20.0
2017DUKE,2017TROY,22.0
2017GONZAGA,2017SOUTHDAKOTAST,20.0
2017NORTHWESTERN,2017VANDERBILT,2.0
2017NOTREDAME,2017PRINCETON,2.0
2017WESTVIRGINIA,2017BUCKNELL,6.0
2017MARYLAND,2017XAVIER,-11.0
2017FLORIDAST,2017FLORIDAGULFCOAST,6.0
2017SAINTMARYS,2017VCU,8.0
2017ARIZONA,2017NORTHDAKOTA,18.0
2017KANSAS,2017UCDAVIS,38.0
2017MIAMIFL,2017MICHIGANST,-20.0
2017IOWAST,2017NEVADA,11.0
2017PURDUE,2017VERMONT,10.0
2017CREIGHTON,2017RHODEISLAND,-12.0
2017OREGON,2017IONA,16.0
2017MICHIGAN,2017OKLAHOMAST,1.0
2017LOUISVILLE,2017JACKSONVILLEST,15.0
2017NORTHCAROLINA,2017TEXASSOUTHERN,39.0
2017ARKANSAS,2017SETONHALL,6.0
2017MINNESOTA,2017MIDDLETENNESSEE,-9.0
2017BUTLER,2017WINTHROP,12.0
2017CINCINNATI,2017KANSASST,14.0
2017UCLA,2017KENTST,17.0
2017DAYTON,2017WICHITAST,-6.0
2017KENTUCKY,2017NORTHERNKENTUCKY,9.0
2017VILLANOVA,2017WISCONSIN,-3.0
2017VIRGINIA,2017FLORIDA,-26.0
2017USC,2017BAYLOR,-4.0
2017SOUTHCAROLINA,2017DUKE,7.0
2017GONZAGA,2017NORTHWESTERN,6.0
2017NOTREDAME,2017WESTVIRGINIA,-12.0
2017XAVIER,2017FLORIDAST,25.0
2017SAINTMARYS,2017ARIZONA,-9.0
2017KANSAS,2017MICHIGANST,20.0
2017IOWAST,2017PURDUE,-4.0
2017RHODEISLAND,2017OREGON,-3.0
2017MICHIGAN,2017LOUISVILLE,4.0
2017NORTHCAROLINA,2017ARKANSAS,7.0
2017MIDDLETENNESSEE,2017BUTLER,-9.0
2017CINCINNATI,2017UCLA,-12.0
2017WICHITAST,2017KENTUCKY,-3.0
2017WISCONSIN,2017FLORIDA,-1.0
2017BAYLOR,2017SOUTHCAROLINA,-20.0
2017GONZAGA,2017WESTVIRGINIA,3.0
2017XAVIER,2017ARIZONA,2.0
2017KANSAS,2017PURDUE,32.0
2017OREGON,2017MICHIGAN,1.0
2017NORTHCAROLINA,2017BUTLER,12.0
2017UCLA,2017KENTUCKY,-11.0
2017FLORIDA,2017SOUTHCAROLINA,-7.0
2017GONZAGA,2017XAVIER,24.0
2017KANSAS,2017OREGON,-14.0
2017NORTHCAROLINA,2017KENTUCKY,2.0
2017SOUTHCAROLINA,2017GONZAGA,-4.0
2017OREGON,2017NORTHCAROLINA,-1.0
2017GONZAGA,2017NORTHCAROLINA,-6.0
2016KANSAS,2016AUSTINPEAY,26.0
2016COLORADO,2016CONNECTICUT,-7.0
2016MARYLAND,2016SOUTHDAKOTAST,5.0
2016CALIFORNIA,2016HAWAII,-11.0
2016ARIZONA,2016WICHITAST,-10.0
2016MIAMIFL,2016BUFFALO,7.0
2016IOWA,2016TEMPLE,2.0
2016VILLANOVA,2016UNCASHEVILLE,30.0
2016OREGON,2016HOLYCROSS,39.0
2016SAINTJOSEPHS,2016CINCINNATI,2.0
2016BAYLOR,2016YALE,-4.0
2016DUKE,2016UNCWILMINGTON,8.0
2016TEXAS,2016NORTHERNIOWA,-3.0
2016TEXASAM,2016GREENBAY,27.0
2016OREGONST,2016VCU,-8.0
2016OKLAHOMA,2016CALSTBAKERSFIELD,14.0
2016NORTHCAROLINA,2016FLORIDAGULFCOAST,16.0
2016USC,2016PROVIDENCE,-1.0
2016INDIANA,2016CHATTANOOGA,25.0
2016KENTUCKY,2016STONYBROOK,28.0
2016NOTREDAME,2016MICHIGAN,7.0
2016WESTVIRGINIA,2016STEPHENFAUSTIN,-14.0
2016WISCONSIN,2016PITTSBURGH,4.0
2016XAVIER,2016WEBERST,18.0
2016VIRGINIA,2016HAMPTON,36.0
2016TEXASTECH,2016BUTLER,-10.0
2016PURDUE,2016LITTLEROCK,-2.0
2016IOWAST,2016IONA,13.0
2016SETONHALL,2016GONZAGA,-16.0
2016UTAH,2016FRESNOST,11.0
2016DAYTON,2016SYRACUSE,-19.0
2016MICHIGANST,2016MIDDLETENNESSEE,-9.0
2016KANSAS,2016CONNECTICUT,12.0
2016MARYLAND,2016HAWAII,13.0
2016WICHITAST,2016MIAMIFL,-8.0
2016IOWA,2016VILLANOVA,-19.0
2016OREGON,2016SAINTJOSEPHS,5.0
2016YALE,2016DUKE,-7.0
2016NORTHERNIOWA,2016TEXASAM,-4.0
2016VCU,2016OKLAHOMA,-4.0
2016NORTHCAROLINA,2016PROVIDENCE,19.0
2016INDIANA,2016KENTUCKY,6.0
2016NOTREDAME,2016STEPHENFAUSTIN,1.0
2016WISCONSIN,2016XAVIER,3.0
2016VIRGINIA,2016BUTLER,8.0
2016LITTLEROCK,2016IOWAST,-17.0
2016GONZAGA,2016UTAH,23.0
2016SYRACUSE,2016MIDDLETENNESSEE,25.0
2016KANSAS,2016MARYLAND,16.0
2016MIAMIFL,2016VILLANOVA,-23.0
2016OREGON,2016DUKE,14.0
2016TEXASAM,2016OKLAHOMA,-14.0
2016NORTHCAROLINA,2016INDIANA,15.0
2016NOTREDAME,2016WISCONSIN,5.0
2016VIRGINIA,2016IOWAST,13.0
2016GONZAGA,2016SYRACUSE,-3.0
2016KANSAS,2016VILLANOVA,-5.0
2016OREGON,2016OKLAHOMA,-12.0
2016NORTHCAROLINA,2016NOTREDAME,14.0
2016VIRGINIA,2016SYRACUSE,-6.0
2016VILLANOVA,2016OKLAHOMA,44.0
2016NORTHCAROLINA,2016SYRACUSE,17.0
2016VILLANOVA,2016NORTHCAROLINA,3.0
2015KENTUCKY,2015HAMPTON,23.0
2015CINCINNATI,2015PURDUE,1.0
2015WESTVIRGINIA,2015BUFFALO,6.0
2015MARYLAND,2015VALPARAISO,3.0
2015BUTLER,2015TEXAS,8.0
2015NOTREDAME,2015NORTHEASTERN,4.0
2015WICHITAST,2015INDIANA,5.0
2015KANSAS,2015NEWMEXICOST,19.0
2015WISCONSIN,2015COASTALCAROLINA,14.0
2015OREGON,2015OKLAHOMAST,6.0
2015ARKANSAS,2015WOFFORD,3.0
2015NORTHCAROLINA,2015HARVARD,2.0
2015XAVIER,2015MISSISSIPPI,19.0
2015BAYLOR,2015GEORGIAST,-1.0
2015VCU,2015OHIOST,-3.0
2015ARIZONA,2015TEXASSOUTHERN,21.0
2015VILLANOVA,2015LAFAYETTE,41.0
2015NORTHCAROLINAST,2015LSU,1.0
2015NORTHERNIOWA,2015WYOMING,17.0
2015LOUISVILLE,2015UCIRVINE,2.0
2015PROVIDENCE,2015DAYTON,-13.0
2015OKLAHOMA,2015ALBANY,9.0
2015MICHIGANST,2015GEORGIA,7.0
2015VIRGINIA,2015BELMONT,12.0
2015DUKE,2015ROBERTMORRIS,29.0
2015SANDIEGOST,2015STJOHNS,12.0
2015UTAH,2015STEPHENFAUSTIN,7.0
2015GEORGETOWN,2015EASTERNWASHINGTON,10.0
2015SMU,2015UCLA,-1.0
2015IOWAST,2015UAB,-1.0
2015IOWA,2015DAVIDSON,31.0
2015GONZAGA,2015NORTHDAKOTAST,10.0
2015KENTUCKY,2015CINCINNATI,13.0
2015WESTVIRGINIA,2015MARYLAND,10.0
2015BUTLER,2015NOTREDAME,-3.0
2015WICHITAST,2015KANSAS,13.0
2015WISCONSIN,2015OREGON,7.0
2015ARKANSAS,2015NORTHCAROLINA,-9.0
2015XAVIER,2015GEORGIAST,8.0
2015OHIOST,2015ARIZONA,-15.0
2015VILLANOVA,2015NORTHCAROLINAST,-3.0
2015NORTHERNIOWA,2015LOUISVILLE,-13.0
2015DAYTON,2015OKLAHOMA,-6.0
2015MICHIGANST,2015VIRGINIA,6.0
2015DUKE,2015SANDIEGOST,19.0
2015UTAH,2015GEORGETOWN,11.0
2015UCLA,2015UAB,17.0
2015IOWA,2015GONZAGA,-19.0
2015KENTUCKY,2015WESTVIRGINIA,39.0
2015NOTREDAME,2015WICHITAST,11.0
2015WISCONSIN,2015NORTHCAROLINA,7.0
2015XAVIER,2015ARIZONA,-8.0
2015NORTHCAROLINAST,2015LOUISVILLE,-10.0
2015OKLAHOMA,2015MICHIGANST,-4.0
2015DUKE,2015UTAH,6.0
2015UCLA,2015GONZAGA,-12.0
2015KENTUCKY,2015NOTREDAME,2.0
2015WISCONSIN,2015ARIZONA,7.0
2015LOUISVILLE,2015MICHIGANST,-6.0
2015DUKE,2015GONZAGA,14.0
2015KENTUCKY,2015WISCONSIN,-7.0
2015MICHIGANST,2015DUKE,-20.0
2015WISCONSIN,2015DUKE,-5.0
2014FLORIDA,2014ALBANY,12.0
2014COLORADO,2014PITTSBURGH,-29.0
2014VCU,2014STEPHENFAUSTIN,-2.0
2014UCLA,2014TULSA,17.0
2014OHIOST,2014DAYTON,-1.0
2014SYRACUSE,2014WESTERNMICHIGAN,24.0
2014NEWMEXICO,2014STANFORD,-5.0
2014KANSAS,2014EASTERNKENTUCKY,11.0
2014VIRGINIA,2014COASTALCAROLINA,11.0
2014MEMPHIS,2014GEORGEWASHINGTON,5.0
2014CINCINNATI,2014HARVARD,-4.0
2014MICHIGANST,2014DELAWARE,15.0
2014NORTHCAROLINA,2014PROVIDENCE,2.0
2014IOWAST,2014NORTHCAROLINACENTRAL,18.0
2014CONNECTICUT,2014SAINTJOSEPHS,8.0
2014VILLANOVA,2014MILWAUKEE,20.0
2014ARIZONA,2014WEBERST,9.0
2014GONZAGA,2014OKLAHOMAST,8.0
2014OKLAHOMA,2014NORTHDAKOTAST,-5.0
2014SANDIEGOST,2014NEWMEXICOST,4.0
2014BAYLOR,2014NEBRASKA,14.0
2014CREIGHTON,2014LOUISIANALAFAYETTE,10.0
2014OREGON,2014BYU,19.0
2014WISCONSIN,2014AMERICAN,40.0
2014WICHITAST,2014CALPOLY,27.0
2014KENTUCKY,2014KANSASST,7.0
2014SAINTLOUIS,2014NORTHCAROLINAST,3.0
2014LOUISVILLE,2014MANHATTAN,7.0
2014MASSACHUSETTS,2014TENNESSEE,-19.0
2014DUKE,2014MERCER,-7.0
2014TEXAS,2014ARIZONAST,2.0
2014MICHIGAN,2014WOFFORD,17.0
2014FLORIDA,2014PITTSBURGH,16.0
2014STEPHENFAUSTIN,2014UCLA,-17.0
2014DAYTON,2014SYRACUSE,2.0
2014STANFORD,2014KANSAS,3.0
2014VIRGINIA,2014MEMPHIS,18.0
2014HARVARD,2014MICHIGANST,-7.0
2014NORTHCAROLINA,2014IOWAST,-2.0
2014CONNECTICUT,2014VILLANOVA,12.0
2014ARIZONA,2014GONZAGA,23.0
2014NORTHDAKOTAST,2014SANDIEGOST,-19.0
2014BAYLOR,2014CREIGHTON,30.0
2014OREGON,2014WISCONSIN,-8.0
2014WICHITAST,2014KENTUCKY,-2.0
2014SAINTLOUIS,2014LOUISVILLE,-15.0
2014TENNESSEE,2014MERCER,20.0
2014TEXAS,2014MICHIGAN,-14.0
2014FLORIDA,2014UCLA,11.0
2014DAYTON,2014STANFORD,10.0
2014VIRGINIA,2014MICHIGANST,-2.0
2014IOWAST,2014CONNECTICUT,-5.0
2014ARIZONA,2014SANDIEGOST,6.0
2014BAYLOR,2014WISCONSIN,-17.0
2014KENTUCKY,2014LOUISVILLE,5.0
2014TENNESSEE,2014MICHIGAN,-2.0
2014FLORIDA,2014DAYTON,10.0
2014MICHIGANST,2014CONNECTICUT,-6.0
2014ARIZONA,2014WISCONSIN,-1.0
2014KENTUCKY,2014MICHIGAN,3.0
2014FLORIDA,2014CONNECTICUT,-10.0
2014WISCONSIN,2014KENTUCKY,-1.0
2014CONNECTICUT,2014KENTUCKY,6.0
2013LOUISVILLE,2013NORTHCAROLINAAT,31.0
2013COLORADOST,2013MISSOURI,12.0
2013OKLAHOMAST,2013OREGON,-13.0
2013SAINTLOUIS,2013NEWMEXICOST,20.0
2013MEMPHIS,2013SAINTMARYS,2.0
2013MICHIGANST,2013VALPARAISO,11.0
2013CREIGHTON,2013CINCINNATI,4.0
2013DUKE,2013ALBANY,12.0
2013GONZAGA,2013SOUTHERN,6.0
2013PITTSBURGH,2013WICHITAST,-18.0
2013WISCONSIN,2013MISSISSIPPI,-11.0
2013KANSASST,2013LASALLE,-2.0
2013ARIZONA,2013BELMONT,17.0
2013NEWMEXICO,2013HARVARD,-6.0
2013NOTREDAME,2013IOWAST,-18.0
2013OHIOST,2013IONA,25.0
2013KANSAS,2013WESTERNKENTUCKY,7.0
2013NORTHCAROLINA,2013VILLANOVA,7.0
2013VCU,2013AKRON,46.0
2013MICHIGAN,2013SOUTHDAKOTAST,15.0
2013UCLA,2013MINNESOTA,-20.0
2013FLORIDA,2013NORTHWESTERNST,32.0
2013SANDIEGOST,2013OKLAHOMA,15.0
2013GEORGETOWN,2013FLORIDAGULFCOAST,-10.0
2013INDIANA,2013JAMESMADISON,21.0
2013NORTHCAROLINAST,2013TEMPLE,-4.0
2013UNLV,2013CALIFORNIA,-3.0
2013SYRACUSE,2013MONTANA,47.0
2013BUTLER,2013BUCKNELL,12.0
2013MARQUETTE,2013DAVIDSON,1.0
2013ILLINOIS,2013COLORADO,8.0
2013MIAMIFL,2013PACIFIC,29.0
2013LOUISVILLE,2013COLORADOST,26.0
2013OREGON,2013SAINTLOUIS,17.0
2013MEMPHIS,2013MICHIGANST,-22.0
2013CREIGHTON,2013DUKE,-16.0
2013GONZAGA,2013WICHITAST,-6.0
2013MISSISSIPPI,2013LASALLE,-2.0
2013ARIZONA,2013HARVARD,23.0
2013IOWAST,2013OHIOST,-3.0
2013KANSAS,2013NORTHCAROLINA,12.0
2013VCU,2013MICHIGAN,-25.0
2013MINNESOTA,2013FLORIDA,-14.0
2013SANDIEGOST,2013FLORIDAGULFCOAST,-10.0
2013INDIANA,2013TEMPLE,6.0
2013CALIFORNIA,2013SYRACUSE,-6.0
2013BUTLER,2013MARQUETTE,-2.0
2013ILLINOIS,2013MIAMIFL,-4.0
2013LOUISVILLE,2013OREGON,8.0
2013MICHIGANST,2013DUKE,-10.0
2013WICHITAST,2013LASALLE,14.0
2013ARIZONA,2013OHIOST,-3.0
2013KANSAS,2013MICHIGAN,-2.0
2013FLORIDA,2013FLORIDAGULFCOAST,12.0
2013INDIANA,2013SYRACUSE,-11.0
2013MARQUETTE,2013MIAMIFL,10.0
2013LOUISVILLE,2013DUKE,22.0
2013WICHITAST,2013OHIOST,4.0
2013MICHIGAN,2013FLORIDA,20.0
2013SYRACUSE,2013MARQUETTE,16.0
2013LOUISVILLE,2013WICHITAST,4.0
2013MICHIGAN,2013SYRACUSE,5.0
2013LOUISVILLE,2013MICHIGAN,6.0
2012KENTUCKY,2012WESTERNKENTUCKY,15.0
2012IOWAST,2012CONNECTICUT,13.0
2012WICHITAST,2012VCU,-3.0
2012INDIANA,2012NEWMEXICOST,13.0
2012UNLV,2012COLORADO,-4.0
2012BAYLOR,2012SOUTHDAKOTAST,8.0
2012NOTREDAME,2012XAVIER,-4.0
2012DUKE,2012LEHIGH,-5.0
2012MICHIGANST,2012LIUBROOKLYN,22.0
2012MEMPHIS,2012SAINTLOUIS,-7.0
2012NEWMEXICO,2012LONGBEACHST,7.0
2012LOUISVILLE,2012DAVIDSON,7.0
2012MURRAYST,2012COLORADOST,17.0
2012MARQUETTE,2012BYU,20.0
2012FLORIDA,2012VIRGINIA,26.0
2012MISSOURI,2012NORFOLKST,-2.0
2012SYRACUSE,2012UNCASHEVILLE,7.0
2012KANSASST,2012SOUTHERNMISS,6.0
2012VANDERBILT,2012HARVARD,9.0
2012WISCONSIN,2012MONTANA,24.0
2012CINCINNATI,2012TEXAS,6.0
2012FLORIDAST,2012STBONAVENTURE,3.0
2012GONZAGA,2012WESTVIRGINIA,23.0
2012OHIOST,2012LOYOLAMD,19.0
2012NORTHCAROLINA,2012VERMONT,19.0
2012CREIGHTON,2012ALABAMA,1.0
2012TEMPLE,2012SOUTHFLORIDA,-14.0
2012MICHIGAN,2012OHIO,-5.0
2012SANDIEGOST,2012NORTHCAROLINAST,-14.0
2012GEORGETOWN,2012BELMONT,15.0
2012SAINTMARYS,2012PURDUE,-3.0
2012KANSAS,2012DETROIT,15.0
2012KENTUCKY,2012IOWAST,16.0
2012VCU,2012INDIANA,-2.0
2012COLORADO,2012BAYLOR,-17.0
2012XAVIER,2012LEHIGH,12.0
2012MICHIGANST,2012SAINTLOUIS,4.0
2012NEWMEXICO,2012LOUISVILLE,-3.0
2012MURRAYST,2012MARQUETTE,-9.0
2012FLORIDA,2012NORFOLKST,34.0
2012SYRACUSE,2012KANSASST,16.0
2012VANDERBILT,2012WISCONSIN,-3.0
2012CINCINNATI,2012FLORIDAST,6.0
2012GONZAGA,2012OHIOST,-7.0
2012NORTHCAROLINA,2012CREIGHTON,14.0
2012SOUTHFLORIDA,2012OHIO,-6.0
2012NORTHCAROLINAST,2012GEORGETOWN,3.0
2012PURDUE,2012KANSAS,-3.0
2012KENTUCKY,2012INDIANA,12.0
2012BAYLOR,2012XAVIER,5.0
2012MICHIGANST,2012LOUISVILLE,-13.0
2012MARQUETTE,2012FLORIDA,-10.0
2012SYRACUSE,2012WISCONSIN,1.0
2012CINCINNATI,2012OHIOST,-15.0
2012NORTHCAROLINA,2012OHIO,8.0
2012NORTHCAROLINAST,2012KANSAS,-3.0
2012KENTUCKY,2012BAYLOR,12.0
2012LOUISVILLE,2012FLORIDA,4.0
2012SYRACUSE,2012OHIOST,-7.0
2012NORTHCAROLINA,2012KANSAS,-13.0
2012KENTUCKY,2012LOUISVILLE,8.0
2012OHIOST,2012KANSAS,-2.0
2012KENTUCKY,2012KANSAS,8.0
2011OHIOST,2011UTSA,29.0
2011GEORGEMASON,2011VILLANOVA,4.0
2011WESTVIRGINIA,2011CLEMSON,8.0
2011KENTUCKY,2011PRINCETON,2.0
2011XAVIER,2011MARQUETTE,-11.0
2011SYRACUSE,2011INDIANAST,17.0
2011WASHINGTON,2011GEORGIA,3.0
2011NORTHCAROLINA,2011LIUBROOKLYN,15.0
2011DUKE,2011HAMPTON,42.0
2011MICHIGAN,2011TENNESSEE,30.0
2011ARIZONA,2011MEMPHIS,2.0
2011TEXAS,2011OAKLAND,4.0
2011CINCINNATI,2011MISSOURI,15.0
2011CONNECTICUT,2011BUCKNELL,29.0
2011TEMPLE,2011PENNST,2.0
2011SANDIEGOST,2011NORTHERNCOLORADO,18.0
2011KANSAS,2011BOSTONUNIVERSITY,19.0
2011UNLV,2011ILLINOIS,-11.0
2011VANDERBILT,2011RICHMOND,-3.0
2011LOUISVILLE,2011MOREHEADST,-1.0
2011GEORGETOWN,2011VCU,-18.0
2011PURDUE,2011SAINTPETERS,22.0
2011TEXASAM,2011FLORIDAST,-7.0
2011NOTREDAME,2011AKRON,13.0
2011PITTSBURGH,2011UNCASHEVILLE,23.0
2011BUTLER,2011OLDDOMINION,2.0
2011KANSASST,2011UTAHST,5.0
2011WISCONSIN,2011BELMONT,14.0
2011STJOHNS,2011GONZAGA,-15.0
2011BYU,2011WOFFORD,8.0
2011UCLA,2011MICHIGANST,2.0
2011FLORIDA,2011UCSANTABARBARA,28.0
2011OHIOST,2011GEORGEMASON,32.0
2011WESTVIRGINIA,2011KENTUCKY,-8.0
2011MARQUETTE,2011SYRACUSE,4.0
2011WASHINGTON,2011NORTHCAROLINA,-3.0
2011DUKE,2011MICHIGAN,2.0
2011ARIZONA,2011TEXAS,1.0
2011CINCINNATI,2011CONNECTICUT,-11.0
2011TEMPLE,2011SANDIEGOST,-7.0
2011KANSAS,2011ILLINOIS,14.0
2011RICHMOND,2011MOREHEADST,17.0
2011VCU,2011PURDUE,18.0
2011FLORIDAST,2011NOTREDAME,14.0
2011PITTSBURGH,2011BUTLER,-1.0
2011KANSASST,2011WISCONSIN,-5.0
2011GONZAGA,2011BYU,-22.0
2011UCLA,2011FLORIDA,-8.0
2011OHIOST,2011KENTUCKY,-2.0
2011MARQUETTE,2011NORTHCAROLINA,-18.0
2011DUKE,2011ARIZONA,-16.0
2011CONNECTICUT,2011SANDIEGOST,7.0
2011KANSAS,2011RICHMOND,20.0
2011VCU,2011FLORIDAST,1.0
2011BUTLER,2011WISCONSIN,7.0
2011BYU,2011FLORIDA,-9.0
2011KENTUCKY,2011NORTHCAROLINA,7.0
2011ARIZONA,2011CONNECTICUT,-2.0
2011KANSAS,2011VCU,-10.0
2011BUTLER,2011FLORIDA,3.0
2011KENTUCKY,2011CONNECTICUT,-1.0
2011VCU,2011BUTLER,-8.0
2011CONNECTICUT,2011BUTLER,12.0
2010KANSAS,2010LEHIGH,16.0
2010UNLV,2010NORTHERNIOWA,-3.0
2010MICHIGANST,2010NEWMEXICOST,3.0
2010MARYLAND,2010HOUSTON,12.0
2010TENNESSEE,2010SANDIEGOST,3.0
2010GEORGETOWN,2010OHIO,-14.0
2010OKLAHOMAST,2010GEORGIATECH,-5.0
2010OHIOST,2010UCSANTABARBARA,17.0
2010SYRACUSE,2010VERMONT,23.0
2010GONZAGA,2010FLORIDAST,7.0
2010BUTLER,2010UTEP,18.0
2010VANDERBILT,2010MURRAYST,-1.0
2010XAVIER,2010MINNESOTA,11.0
2010PITTSBURGH,2010OAKLAND,23.0
2010BYU,2010FLORIDA,7.0
2010KANSASST,2010NORTHTEXAS,20.0
2010KENTUCKY,2010EASTTENNESSEEST,29.0
2010TEXAS,2010WAKEFOREST,-1.0
2010TEMPLE,2010CORNELL,-13.0
2010WISCONSIN,2010WOFFORD,4.0
2010MARQUETTE,2010WASHINGTON,-2.0
2010NEWMEXICO,2010MONTANA,5.0
2010CLEMSON,2010MISSOURI,-8.0
2010WESTVIRGINIA,2010MORGANST,27.0
2010DUKE,2010ARKANSASPINEBLUFF,29.0
2010CALIFORNIA,2010LOUISVILLE,15.0
2010TEXASAM,2010UTAHST,16.0
2010PURDUE,2010SIENA,8.0
2010NOTREDAME,2010OLDDOMINION,-1.0
2010BAYLOR,2010SAMHOUSTONST,9.0
2010RICHMOND,2010SAINTMARYS,-9.0
2010VILLANOVA,2010ROBERTMORRIS,3.0
2010KANSAS,2010NORTHERNIOWA,-2.0
2010MICHIGANST,2010MARYLAND,2.0
2010TENNESSEE,2010OHIO,15.0
2010GEORGIATECH,2010OHIOST,-9.0
2010SYRACUSE,2010GONZAGA,22.0
2010BUTLER,2010MURRAYST,2.0
2010XAVIER,2010PITTSBURGH,3.0
2010BYU,2010KANSASST,-12.0
2010KENTUCKY,2010WAKEFOREST,30.0
2010CORNELL,2010WISCONSIN,18.0
2010WASHINGTON,2010NEWMEXICO,18.0
2010MISSOURI,2010WESTVIRGINIA,-9.0
2010DUKE,2010CALIFORNIA,15.0
2010TEXASAM,2010PURDUE,-2.0
2010OLDDOMINION,2010BAYLOR,-8.0
2010SAINTMARYS,2010VILLANOVA,7.0
2010NORTHERNIOWA,2010MICHIGANST,-7.0
2010TENNESSEE,2010OHIOST,3.0
2010SYRACUSE,2010BUTLER,-4.0
2010XAVIER,2010KANSASST,-5.0
2010KENTUCKY,2010CORNELL,17.0
2010WASHINGTON,2010WESTVIRGINIA,-13.0
2010DUKE,2010PURDUE,13.0
2010BAYLOR,2010SAINTMARYS,23.0
2010MICHIGANST,2010TENNESSEE,1.0
2010BUTLER,2010KANSASST,7.0
2010KENTUCKY,2010WESTVIRGINIA,-7.0
2010DUKE,2010BAYLOR,7.0
2010MICHIGANST,2010BUTLER,-2.0
2010WESTVIRGINIA,2010DUKE,-21.0
2010BUTLER,2010DUKE,-2.0
2009LOUISVILLE,2009MOREHEADST,20.0
2009OHIOST,2009SIENA,-2.0
2009UTAH,2009ARIZONA,-13.0
2009WAKEFOREST,2009CLEVELANDST,-15.0
2009WESTVIRGINIA,2009DAYTON,-8.0
2009KANSAS,2009NORTHDAKOTAST,10.0
2009BOSTONCOLLEGE,2009USC,-17.0
2009MICHIGANST,2009ROBERTMORRIS,15.0
2009CONNECTICUT,2009CHATTANOOGA,56.0
2009BYU,2009TEXASAM,-13.0
2009PURDUE,2009NORTHERNIOWA,5.0
2009WASHINGTON,2009MISSISSIPPIST,13.0
2009MARQUETTE,2009UTAHST,1.0
2009MISSOURI,2009CORNELL,19.0
2009CALIFORNIA,2009MARYLAND,-13.0
2009MEMPHIS,2009CALSTNORTHRIDGE,11.0
2009PITTSBURGH,2009EASTTENNESSEEST,10.0
2009OKLAHOMAST,2009TENNESSEE,2.0
2009FLORIDAST,2009WISCONSIN,-2.0
2009XAVIER,2009PORTLANDST,18.0
2009UCLA,2009VCU,1.0
2009VILLANOVA,2009AMERICAN,13.0
2009TEXAS,2009MINNESOTA,14.0
2009DUKE,2009BINGHAMTON,24.0
2009NORTHCAROLINA,2009RADFORD,43.0
2009LSU,2009BUTLER,4.0
2009ILLINOIS,2009WESTERNKENTUCKY,-4.0
2009GONZAGA,2009AKRON,13.0
2009ARIZONAST,2009TEMPLE,9.0
2009SYRACUSE,2009STEPHENFAUSTIN,15.0
2009CLEMSON,2009MICHIGAN,-3.0
2009OKLAHOMA,2009MORGANST,28.0
2009LOUISVILLE,2009SIENA,7.0
2009ARIZONA,2009CLEVELANDST,14.0
2009DAYTON,2009KANSAS,-17.0
2009USC,2009MICHIGANST,-5.0
2009CONNECTICUT,2009TEXASAM,26.0
2009PURDUE,2009WASHINGTON,2.0
2009MARQUETTE,2009MISSOURI,-4.0
2009MARYLAND,2009MEMPHIS,-19.0
2009PITTSBURGH,2009OKLAHOMAST,8.0
2009WISCONSIN,2009XAVIER,-11.0
2009UCLA,2009VILLANOVA,-20.0
2009TEXAS,2009DUKE,-5.0
2009NORTHCAROLINA,2009LSU,14.0
2009WESTERNKENTUCKY,2009GONZAGA,-2.0
2009ARIZONAST,2009SYRACUSE,-11.0
2009MICHIGAN,2009OKLAHOMA,-10.0
2009LOUISVILLE,2009ARIZONA,39.0
2009KANSAS,2009MICHIGANST,-5.0
2009CONNECTICUT,2009PURDUE,12.0
2009MISSOURI,2009MEMPHIS,11.0
2009PITTSBURGH,2009XAVIER,5.0
2009VILLANOVA,2009DUKE,23.0
2009NORTHCAROLINA,2009GONZAGA,21.0
2009SYRACUSE,2009OKLAHOMA,-13.0
2009LOUISVILLE,2009MICHIGANST,-12.0
2009CONNECTICUT,2009MISSOURI,7.0
2009PITTSBURGH,2009VILLANOVA,-2.0
2009NORTHCAROLINA,2009OKLAHOMA,12.0
2009MICHIGANST,2009CONNECTICUT,9.0
2009VILLANOVA,2009NORTHCAROLINA,-14.0
2009MICHIGANST,2009NORTHCAROLINA,-17.0
2008NORTHCAROLINA,2008MOUNTSTMARYS,39.0
2008INDIANA,2008ARKANSAS,-14.0
2008NOTREDAME,2008GEORGEMASON,18.0
2008WASHINGTONST,2008WINTHROP,31.0
2008OKLAHOMA,2008SAINTJOSEPHS,8.0
2008LOUISVILLE,2008BOISEST,18.0
2008BUTLER,2008SOUTHALABAMA,20.0
2008TENNESSEE,2008AMERICAN,15.0
2008KANSAS,2008PORTLANDST,24.0
2008UNLV,2008KENTST,13.0
2008CLEMSON,2008VILLANOVA,-6.0
2008VANDERBILT,2008SIENA,-21.0
2008USC,2008KANSASST,-13.0
2008WISCONSIN,2008CALSTFULLERTON,15.0
2008GONZAGA,2008DAVIDSON,-6.0
2008GEORGETOWN,2008UMBC,19.0
2008MEMPHIS,2008UTARLINGTON,24.0
2008MISSISSIPPIST,2008OREGON,7.0
2008MICHIGANST,2008TEMPLE,11.0
2008PITTSBURGH,2008ORALROBERTS,19.0
2008MARQUETTE,2008KENTUCKY,8.0
2008STANFORD,2008CORNELL,24.0
2008MIAMIFL,2008SAINTMARYS,14.0
2008TEXAS,2008AUSTINPEAY,20.0
2008UCLA,2008MISSISSIPPIVALLEYST,41.0
2008BYU,2008TEXASAM,-5.0
2008DRAKE,2008WESTERNKENTUCKY,-2.0
2008CONNECTICUT,2008SANDIEGO,-1.0
2008PURDUE,2008BAYLOR,11.0
2008XAVIER,2008GEORGIA,12.0
2008WESTVIRGINIA,2008ARIZONA,10.0
2008DUKE,2008BELMONT,1.0
2008NORTHCAROLINA,2008ARKANSAS,31.0
2008NOTREDAME,2008WASHINGTONST,-20.0
2008OKLAHOMA,2008LOUISVILLE,-30.0
2008BUTLER,2008TENNESSEE,-5.0
2008KANSAS,2008UNLV,19.0
2008VILLANOVA,2008SIENA,12.0
2008KANSASST,2008WISCONSIN,-17.0
2008DAVIDSON,2008GEORGETOWN,4.0
2008MEMPHIS,2008MISSISSIPPIST,3.0
2008MICHIGANST,2008PITTSBURGH,11.0
2008MARQUETTE,2008STANFORD,-1.0
2008MIAMIFL,2008TEXAS,-3.0
2008UCLA,2008TEXASAM,2.0
2008WESTERNKENTUCKY,2008SANDIEGO,9.0
2008PURDUE,2008XAVIER,-7.0
2008WESTVIRGINIA,2008DUKE,6.0
2008NORTHCAROLINA,2008WASHINGTONST,21.0
2008LOUISVILLE,2008TENNESSEE,19.0
2008KANSAS,2008VILLANOVA,15.0
2008WISCONSIN,2008DAVIDSON,-17.0
2008MEMPHIS,2008MICHIGANST,18.0
2008STANFORD,2008TEXAS,-20.0
2008UCLA,2008WESTERNKENTUCKY,10.0
2008XAVIER,2008WESTVIRGINIA,4.0
2008NORTHCAROLINA,2008LOUISVILLE,10.0
2008KANSAS,2008DAVIDSON,2.0
2008MEMPHIS,2008TEXAS,18.0
2008UCLA,2008XAVIER,19.0
2008NORTHCAROLINA,2008KANSAS,-18.0
2008MEMPHIS,2008UCLA,15.0
2008KANSAS,2008MEMPHIS,7.0
