TEAM1,TEAM2,WINNING_TEAM
2023ALABAMA,2023TEXASAMCORPUSCHRIS,2023ALABAMA
2023MARYLAND,2023WESTVIRGINIA,2023MARYLAND
2023SANDIEGOST,2023COLLEGEOFCHARLESTON,2023SANDIEGOST
2023VIRGINIA,2023FURMAN,2023FURMAN
2023CREIGHTON,2023NORTHCAROLINAST,2023CREIGHTON
2023BAYLOR,2023UCSANTABARBARA,2023BAYLOR
2023MISSOURI,2023UTAHST,2023MISSOURI
2023ARIZONA,2023PRINCETON,2023PRINCETON
2023PURDUE,2023FAIRLEIGHDICKINSON,2023FAIRLEIGHDICKINSON
2023MEMPHIS,2023FLORIDAATLANTIC,2023FLORIDAATLANTIC
2023DUKE,2023ORALROBERTS,2023DUKE
2023TENNESSEE,2023LOUISIANALAFAYETTE,2023TENNESSEE
2023KENTUCKY,2023PROVIDENCE,2023KENTUCKY
2023KANSASST,2023MONTANAST,2023KANSASST
2023MICHIGANST,2023USC,2023MICHIGANST
2023MARQUETTE,2023VERMONT,2023MARQUETTE
2023HOUSTON,2023NORTHERNKENTUCKY,2023HOUSTON
2023IOWA,2023AUBURN,2023AUBURN
2023MIAMIFL,2023DRAKE,2023MIAMIFL
2023INDIANA,2023KENTST,2023INDIANA
2023IOWAST,2023PITTSBURGH,2023PITTSBURGH
2023XAVIER,2023KENNESAWST,2023XAVIER
2023TEXASAM,2023PENNST,2023PENNST
2023TEXAS,2023COLGATE,2023TEXAS
2023KANSAS,2023HOWARD,2023KANSAS
2023ARKANSAS,2023ILLINOIS,2023ARKANSAS
2023SAINTMARYS,2023VCU,2023SAINTMARYS
2023CONNECTICUT,2023IONA,2023CONNECTICUT
2023TCU,2023ARIZONAST,2023TCU
2023GONZAGA,2023GRANDCANYON,2023GONZAGA
2023NORTHWESTERN,2023BOISEST,2023NORTHWESTERN
2023UCLA,2023UNCASHEVILLE,2023UCLA
2023ALABAMA,2023MARYLAND,2023ALABAMA
2023SANDIEGOST,2023FURMAN,2023SANDIEGOST
2023CREIGHTON,2023BAYLOR,2023CREIGHTON
2023MISSOURI,2023PRINCETON,2023PRINCETON
2023FAIRLEIGHDICKINSON,2023FLORIDAATLANTIC,2023FLORIDAATLANTIC
2023DUKE,2023TENNESSEE,2023TENNESSEE
2023KENTUCKY,2023KANSASST,2023KANSASST
2023MICHIGANST,2023MARQUETTE,2023MICHIGANST
2023HOUSTON,2023AUBURN,2023HOUSTON
2023MIAMIFL,2023INDIANA,2023MIAMIFL
2023PITTSBURGH,2023XAVIER,2023XAVIER
2023PENNST,2023TEXAS,2023TEXAS
2023KANSAS,2023ARKANSAS,2023ARKANSAS
2023SAINTMARYS,2023CONNECTICUT,2023CONNECTICUT
2023TCU,2023GONZAGA,2023GONZAGA
2023NORTHWESTERN,2023UCLA,2023UCLA
2023ALABAMA,2023SANDIEGOST,2023SANDIEGOST
2023CREIGHTON,2023PRINCETON,2023CREIGHTON
2023FLORIDAATLANTIC,2023TENNESSEE,2023FLORIDAATLANTIC
2023KANSASST,2023MICHIGANST,2023KANSASST
2023HOUSTON,2023MIAMIFL,2023MIAMIFL
2023XAVIER,2023TEXAS,2023TEXAS
2023ARKANSAS,2023CONNECTICUT,2023CONNECTICUT
2023GONZAGA,2023UCLA,2023GONZAGA
2023SANDIEGOST,2023CREIGHTON,2023SANDIEGOST
2023FLORIDAATLANTIC,2023KANSASST,2023FLORIDAATLANTIC
2023MIAMIFL,2023TEXAS,2023MIAMIFL
2023CONNECTICUT,2023GONZAGA,2023CONNECTICUT
2023SANDIEGOST,2023FLORIDAATLANTIC,2023SANDIEGOST
2023MIAMIFL,2023CONNECTICUT,2023CONNECTICUT
2023SANDIEGOST,2023CONNECTICUT,2023CONNECTICUT
2022GONZAGA,2022GEORGIAST,2022GONZAGA
2022BOISEST,2022MEMPHIS,2022MEMPHIS
2022CONNECTICUT,2022NEWMEXICOST,2022NEWMEXICOST
2022ARKANSAS,2022VERMONT,2022ARKANSAS
2022ALABAMA,2022NOTREDAME,2022NOTREDAME
2022TEXASTECH,2022MONTANAST,2022TEXASTECH
2022MICHIGANST,2022DAVIDSON,2022MICHIGANST
2022DUKE,2022CALSTFULLERTON,2022DUKE
2022BAYLOR,2022NORFOLKST,2022BAYLOR
2022NORTHCAROLINA,2022MARQUETTE,2022NORTHCAROLINA
2022SAINTMARYS,2022INDIANA,2022SAINTMARYS
2022UCLA,2022AKRON,2022UCLA
2022TEXAS,2022VIRGINIATECH,2022TEXAS
2022PURDUE,2022YALE,2022PURDUE
2022MURRAYST,2022SANFRANCISCO,2022MURRAYST
2022KENTUCKY,2022SAINTPETERS,2022SAINTPETERS
2022ARIZONA,2022WRIGHTST,2022ARIZONA
2022SETONHALL,2022TCU,2022TCU
2022HOUSTON,2022UAB,2022HOUSTON
2022ILLINOIS,2022CHATTANOOGA,2022ILLINOIS
2022COLORADOST,2022MICHIGAN,2022MICHIGAN
2022TENNESSEE,2022LONGWOOD,2022TENNESSEE
2022OHIOST,2022LOYOLACHICAGO,2022OHIOST
2022VILLANOVA,2022DELAWARE,2022VILLANOVA
2022KANSAS,2022TEXASSOUTHERN,2022KANSAS
2022SANDIEGOST,2022CREIGHTON,2022CREIGHTON
2022IOWA,2022RICHMOND,2022RICHMOND
2022PROVIDENCE,2022SOUTHDAKOTAST,2022PROVIDENCE
2022LSU,2022IOWAST,2022IOWAST
2022WISCONSIN,2022COLGATE,2022WISCONSIN
2022USC,2022MIAMIFL,2022MIAMIFL
2022AUBURN,2022JACKSONVILLEST,2022AUBURN
2022GONZAGA,2022MEMPHIS,2022GONZAGA
2022NEWMEXICOST,2022ARKANSAS,2022ARKANSAS
2022NOTREDAME,2022TEXASTECH,2022TEXASTECH
2022MICHIGANST,2022DUKE,2022DUKE
2022BAYLOR,2022NORTHCAROLINA,2022NORTHCAROLINA
2022SAINTMARYS,2022UCLA,2022UCLA
2022TEXAS,2022PURDUE,2022PURDUE
2022MURRAYST,2022SAINTPETERS,2022SAINTPETERS
2022ARIZONA,2022TCU,2022ARIZONA
2022HOUSTON,2022ILLINOIS,2022HOUSTON
2022MICHIGAN,2022TENNESSEE,2022MICHIGAN
2022OHIOST,2022VILLANOVA,2022VILLANOVA
2022KANSAS,2022CREIGHTON,2022KANSAS
2022RICHMOND,2022PROVIDENCE,2022PROVIDENCE
2022IOWAST,2022WISCONSIN,2022IOWAST
2022MIAMIFL,2022AUBURN,2022MIAMIFL
2022GONZAGA,2022ARKANSAS,2022ARKANSAS
2022TEXASTECH,2022DUKE,2022DUKE
2022NORTHCAROLINA,2022UCLA,2022NORTHCAROLINA
2022PURDUE,2022SAINTPETERS,2022SAINTPETERS
2022ARIZONA,2022HOUSTON,2022HOUSTON
2022MICHIGAN,2022VILLANOVA,2022VILLANOVA
2022KANSAS,2022PROVIDENCE,2022KANSAS
2022IOWAST,2022MIAMIFL,2022MIAMIFL
2022ARKANSAS,2022DUKE,2022DUKE
2022NORTHCAROLINA,2022SAINTPETERS,2022NORTHCAROLINA
2022HOUSTON,2022VILLANOVA,2022VILLANOVA
2022KANSAS,2022MIAMIFL,2022KANSAS
2022DUKE,2022NORTHCAROLINA,2022NORTHCAROLINA
2022VILLANOVA,2022KANSAS,2022KANSAS
2022NORTHCAROLINA,2022KANSAS,2022KANSAS
2021GONZAGA,2021NORFOLKST,2021GONZAGA
2021OKLAHOMA,2021MISSOURI,2021OKLAHOMA
2021CREIGHTON,2021UCSANTABARBARA,2021CREIGHTON
2021VIRGINIA,2021OHIO,2021OHIO
2021USC,2021DRAKE,2021USC
2021KANSAS,2021EASTERNWASHINGTON,2021KANSAS
2021IOWA,2021GRANDCANYON,2021IOWA
2021MICHIGAN,2021TEXASSOUTHERN,2021MICHIGAN
2021LSU,2021STBONAVENTURE,2021LSU
2021COLORADO,2021GEORGETOWN,2021COLORADO
2021FLORIDAST,2021UNCGREENSBORO,2021FLORIDAST
2021BYU,2021UCLA,2021UCLA
2021TEXAS,2021ABILENECHRISTIAN,2021ABILENECHRISTIAN
2021CONNECTICUT,2021MARYLAND,2021MARYLAND
2021ALABAMA,2021IONA,2021ALABAMA
2021BAYLOR,2021HARTFORD,2021BAYLOR
2021NORTHCAROLINA,2021WISCONSIN,2021WISCONSIN
2021VILLANOVA,2021WINTHROP,2021VILLANOVA
2021PURDUE,2021NORTHTEXAS,2021NORTHTEXAS
2021TEXASTECH,2021UTAHST,2021TEXASTECH
2021ARKANSAS,2021COLGATE,2021ARKANSAS
2021FLORIDA,2021VIRGINIATECH,2021FLORIDA
2021OHIOST,2021ORALROBERTS,2021ORALROBERTS
2021ILLINOIS,2021DREXEL,2021ILLINOIS
2021LOYOLACHICAGO,2021GEORGIATECH,2021LOYOLACHICAGO
2021TENNESSEE,2021OREGONST,2021OREGONST
2021OKLAHOMAST,2021LIBERTY,2021OKLAHOMAST
2021SANDIEGOST,2021SYRACUSE,2021SYRACUSE
2021WESTVIRGINIA,2021MOREHEADST,2021WESTVIRGINIA
2021CLEMSON,2021RUTGERS,2021RUTGERS
2021HOUSTON,2021CLEVELANDST,2021HOUSTON
2021GONZAGA,2021OKLAHOMA,2021GONZAGA
2021CREIGHTON,2021OHIO,2021CREIGHTON
2021USC,2021KANSAS,2021USC
2021OREGON,2021IOWA,2021OREGON
2021MICHIGAN,2021LSU,2021MICHIGAN
2021COLORADO,2021FLORIDAST,2021FLORIDAST
2021UCLA,2021ABILENECHRISTIAN,2021UCLA
2021MARYLAND,2021ALABAMA,2021ALABAMA
2021BAYLOR,2021WISCONSIN,2021BAYLOR
2021VILLANOVA,2021NORTHTEXAS,2021VILLANOVA
2021TEXASTECH,2021ARKANSAS,2021ARKANSAS
2021FLORIDA,2021ORALROBERTS,2021ORALROBERTS
2021ILLINOIS,2021LOYOLACHICAGO,2021LOYOLACHICAGO
2021OREGONST,2021OKLAHOMAST,2021OREGONST
2021SYRACUSE,2021WESTVIRGINIA,2021SYRACUSE
2021RUTGERS,2021HOUSTON,2021HOUSTON
2021GONZAGA,2021CREIGHTON,2021GONZAGA
2021USC,2021OREGON,2021USC
2021MICHIGAN,2021FLORIDAST,2021MICHIGAN
2021UCLA,2021ALABAMA,2021UCLA
2021BAYLOR,2021VILLANOVA,2021BAYLOR
2021ARKANSAS,2021ORALROBERTS,2021ARKANSAS
2021LOYOLACHICAGO,2021OREGONST,2021OREGONST
2021SYRACUSE,2021HOUSTON,2021HOUSTON
2021GONZAGA,2021USC,2021GONZAGA
2021MICHIGAN,2021UCLA,2021UCLA
2021BAYLOR,2021ARKANSAS,2021BAYLOR
2021OREGONST,2021HOUSTON,2021HOUSTON
2021GONZAGA,2021UCLA,2021GONZAGA
2021BAYLOR,2021HOUSTON,2021BAYLOR
2021GONZAGA,2021BAYLOR,2021BAYLOR
2019DUKE,2019NORTHDAKOTAST,2019DUKE
2019VCU,2019UCF,2019UCF
2019MISSISSIPPIST,2019LIBERTY,2019LIBERTY
2019VIRGINIATECH,2019SAINTLOUIS,2019VIRGINIATECH
2019MARYLAND,2019BELMONT,2019MARYLAND
2019LSU,2019YALE,2019LSU
2019LOUISVILLE,2019MINNESOTA,2019MINNESOTA
2019MICHIGANST,2019BRADLEY,2019MICHIGANST
2019GONZAGA,2019FAIRLEIGHDICKINSON,2019GONZAGA
2019SYRACUSE,2019BAYLOR,2019BAYLOR
2019MARQUETTE,2019MURRAYST,2019MURRAYST
2019FLORIDAST,2019VERMONT,2019FLORIDAST
2019BUFFALO,2019ARIZONAST,2019BUFFALO
2019TEXASTECH,2019NORTHERNKENTUCKY,2019TEXASTECH
2019NEVADA,2019FLORIDA,2019FLORIDA
2019MICHIGAN,2019MONTANA,2019MICHIGAN
2019VIRGINIA,2019GARDNERWEBB,2019VIRGINIA
2019MISSISSIPPI,2019OKLAHOMA,2019OKLAHOMA
2019WISCONSIN,2019OREGON,2019OREGON
2019KANSASST,2019UCIRVINE,2019UCIRVINE
2019VILLANOVA,2019SAINTMARYS,2019VILLANOVA
2019PURDUE,2019OLDDOMINION,2019PURDUE
2019CINCINNATI,2019IOWA,2019IOWA
2019TENNESSEE,2019COLGATE,2019TENNESSEE
2019NORTHCAROLINA,2019IONA,2019NORTHCAROLINA
2019UTAHST,2019WASHINGTON,2019WASHINGTON
2019AUBURN,2019NEWMEXICOST,2019AUBURN
2019KANSAS,2019NORTHEASTERN,2019KANSAS
2019IOWAST,2019OHIOST,2019OHIOST
2019HOUSTON,2019GEORGIAST,2019HOUSTON
2019WOFFORD,2019SETONHALL,2019WOFFORD
2019KENTUCKY,2019ABILENECHRISTIAN,2019KENTUCKY
2019DUKE,2019UCF,2019DUKE
2019LIBERTY,2019VIRGINIATECH,2019VIRGINIATECH
2019MARYLAND,2019LSU,2019LSU
2019MINNESOTA,2019MICHIGANST,2019MICHIGANST
2019GONZAGA,2019BAYLOR,2019GONZAGA
2019MURRAYST,2019FLORIDAST,2019FLORIDAST
2019BUFFALO,2019TEXASTECH,2019TEXASTECH
2019FLORIDA,2019MICHIGAN,2019MICHIGAN
2019VIRGINIA,2019OKLAHOMA,2019VIRGINIA
2019OREGON,2019UCIRVINE,2019OREGON
2019VILLANOVA,2019PURDUE,2019PURDUE
2019IOWA,2019TENNESSEE,2019TENNESSEE
2019NORTHCAROLINA,2019WASHINGTON,2019NORTHCAROLINA
2019AUBURN,2019KANSAS,2019AUBURN
2019OHIOST,2019HOUSTON,2019HOUSTON
2019WOFFORD,2019KENTUCKY,2019KENTUCKY
2019DUKE,2019VIRGINIATECH,2019DUKE
2019LSU,2019MICHIGANST,2019MICHIGANST
2019GONZAGA,2019FLORIDAST,2019GONZAGA
2019TEXASTECH,2019MICHIGAN,2019TEXASTECH
2019VIRGINIA,2019OREGON,2019VIRGINIA
2019PURDUE,2019TENNESSEE,2019PURDUE
2019NORTHCAROLINA,2019AUBURN,2019AUBURN
2019HOUSTON,2019KENTUCKY,2019KENTUCKY
2019DUKE,2019MICHIGANST,2019MICHIGANST
2019GONZAGA,2019TEXASTECH,2019TEXASTECH
2019VIRGINIA,2019PURDUE,2019VIRGINIA
2019AUBURN,2019KENTUCKY,2019AUBURN
2019MICHIGANST,2019TEXASTECH,2019TEXASTECH
2019VIRGINIA,2019AUBURN,2019VIRGINIA
2019TEXASTECH,2019VIRGINIA,2019VIRGINIA
2018VIRGINIA,2018UMBC,2018UMBC
2018CREIGHTON,2018KANSASST,2018KANSASST
2018KENTUCKY,2018DAVIDSON,2018KENTUCKY
2018ARIZONA,2018BUFFALO,2018BUFFALO
2018MIAMIFL,2018LOYOLACHICAGO,2018LOYOLACHICAGO
2018TENNESSEE,2018WRIGHTST,2018TENNESSEE
2018NEVADA,2018TEXAS,2018NEVADA
2018CINCINNATI,2018GEORGIAST,2018CINCINNATI
2018XAVIER,2018TEXASSOUTHERN,2018XAVIER
2018MISSOURI,2018FLORIDAST,2018FLORIDAST
2018OHIOST,2018SOUTHDAKOTAST,2018OHIOST
2018GONZAGA,2018UNCGREENSBORO,2018GONZAGA
2018HOUSTON,2018SANDIEGOST,2018HOUSTON
2018MICHIGAN,2018MONTANA,2018MICHIGAN
2018TEXASAM,2018PROVIDENCE,2018TEXASAM
2018NORTHCAROLINA,2018LIPSCOMB,2018NORTHCAROLINA
2018VILLANOVA,2018RADFORD,2018VILLANOVA
2018VIRGINIATECH,2018ALABAMA,2018ALABAMA
2018WESTVIRGINIA,2018MURRAYST,2018WESTVIRGINIA
2018WICHITAST,2018MARSHALL,2018MARSHALL
2018FLORIDA,2018STBONAVENTURE,2018FLORIDA
2018TEXASTECH,2018STEPHENFAUSTIN,2018TEXASTECH
2018ARKANSAS,2018BUTLER,2018BUTLER
2018PURDUE,2018CALSTFULLERTON,2018PURDUE
2018KANSAS,2018PENN,2018KANSAS
2018SETONHALL,2018NORTHCAROLINAST,2018SETONHALL
2018CLEMSON,2018NEWMEXICOST,2018CLEMSON
2018AUBURN,2018COLLEGEOFCHARLESTON,2018AUBURN
2018TCU,2018SYRACUSE,2018SYRACUSE
2018MICHIGANST,2018BUCKNELL,2018MICHIGANST
2018RHODEISLAND,2018OKLAHOMA,2018RHODEISLAND
2018DUKE,2018IONA,2018DUKE
2018UMBC,2018KANSASST,2018KANSASST
2018KENTUCKY,2018BUFFALO,2018KENTUCKY
2018LOYOLACHICAGO,2018TENNESSEE,2018LOYOLACHICAGO
2018NEVADA,2018CINCINNATI,2018NEVADA
2018XAVIER,2018FLORIDAST,2018FLORIDAST
2018OHIOST,2018GONZAGA,2018GONZAGA
2018HOUSTON,2018MICHIGAN,2018MICHIGAN
2018TEXASAM,2018NORTHCAROLINA,2018TEXASAM
2018VILLANOVA,2018ALABAMA,2018VILLANOVA
2018WESTVIRGINIA,2018MARSHALL,2018WESTVIRGINIA
2018FLORIDA,2018TEXASTECH,2018TEXASTECH
2018BUTLER,2018PURDUE,2018PURDUE
2018KANSAS,2018SETONHALL,2018KANSAS
2018CLEMSON,2018AUBURN,2018CLEMSON
2018SYRACUSE,2018MICHIGANST,2018SYRACUSE
2018RHODEISLAND,2018DUKE,2018DUKE
2018KANSASST,2018KENTUCKY,2018KANSASST
2018LOYOLACHICAGO,2018NEVADA,2018LOYOLACHICAGO
2018FLORIDAST,2018GONZAGA,2018FLORIDAST
2018MICHIGAN,2018TEXASAM,2018MICHIGAN
2018VILLANOVA,2018WESTVIRGINIA,2018VILLANOVA
2018TEXASTECH,2018PURDUE,2018TEXASTECH
2018KANSAS,2018CLEMSON,2018KANSAS
2018SYRACUSE,2018DUKE,2018DUKE
2018KANSASST,2018LOYOLACHICAGO,2018LOYOLACHICAGO
2018FLORIDAST,2018MICHIGAN,2018MICHIGAN
2018VILLANOVA,2018TEXASTECH,2018VILLANOVA
2018KANSAS,2018DUKE,2018KANSAS
2018LOYOLACHICAGO,2018MICHIGAN,2018MICHIGAN
2018VILLANOVA,2018KANSAS,2018VILLANOVA
2018MICHIGAN,2018VILLANOVA,2018VILLANOVA
2017VILLANOVA,2017MOUNTSTMARYS,2017VILLANOVA
2017WISCONSIN,2017VIRGINIATECH,2017WISCONSIN
2017VIRGINIA,2017UNCWILMINGTON,2017VIRGINIA
2017FLORIDA,2017EASTTENNESSEEST,2017FLORIDA
2017SMU,2017USC,2017USC
2017BAYLOR,2017NEWMEXICOST,2017BAYLOR
2017SOUTHCAROLINA,2017MARQUETTE,2017SOUTHCAROLINA
2017DUKE,2017TROY,2017DUKE
2017GONZAGA,2017SOUTHDAKOTAST,2017GONZAGA
2017NORTHWESTERN,2017VANDERBILT,2017NORTHWESTERN
2017NOTREDAME,2017PRINCETON,2017NOTREDAME
2017WESTVIRGINIA,2017BUCKNELL,2017WESTVIRGINIA
2017MARYLAND,2017XAVIER,2017XAVIER
2017FLORIDAST,2017FLORIDAGULFCOAST,2017FLORIDAST
2017SAINTMARYS,2017VCU,2017SAINTMARYS
2017ARIZONA,2017NORTHDAKOTA,2017ARIZONA
2017KANSAS,2017UCDAVIS,2017KANSAS
2017MIAMIFL,2017MICHIGANST,2017MICHIGANST
2017IOWAST,2017NEVADA,2017IOWAST
2017PURDUE,2017VERMONT,2017PURDUE
2017CREIGHTON,2017RHODEISLAND,2017RHODEISLAND
2017OREGON,2017IONA,2017OREGON
2017MICHIGAN,2017OKLAHOMAST,2017MICHIGAN
2017LOUISVILLE,2017JACKSONVILLEST,2017LOUISVILLE
2017NORTHCAROLINA,2017TEXASSOUTHERN,2017NORTHCAROLINA
2017ARKANSAS,2017SETONHALL,2017ARKANSAS
2017MINNESOTA,2017MIDDLETENNESSEE,2017MIDDLETENNESSEE
2017BUTLER,2017WINTHROP,2017BUTLER
2017CINCINNATI,2017KANSASST,2017CINCINNATI
2017UCLA,2017KENTST,2017UCLA
2017DAYTON,2017WICHITAST,2017WICHITAST
2017KENTUCKY,2017NORTHERNKENTUCKY,2017KENTUCKY
2017VILLANOVA,2017WISCONSIN,2017WISCONSIN
2017VIRGINIA,2017FLORIDA,2017FLORIDA
2017USC,2017BAYLOR,2017BAYLOR
2017SOUTHCAROLINA,2017DUKE,2017SOUTHCAROLINA
2017GONZAGA,2017NORTHWESTERN,2017GONZAGA
2017NOTREDAME,2017WESTVIRGINIA,2017WESTVIRGINIA
2017XAVIER,2017FLORIDAST,2017XAVIER
2017SAINTMARYS,2017ARIZONA,2017ARIZONA
2017KANSAS,2017MICHIGANST,2017KANSAS
2017IOWAST,2017PURDUE,2017PURDUE
2017RHODEISLAND,2017OREGON,2017OREGON
2017MICHIGAN,2017LOUISVILLE,2017MICHIGAN
2017NORTHCAROLINA,2017ARKANSAS,2017NORTHCAROLINA
2017MIDDLETENNESSEE,2017BUTLER,2017BUTLER
2017CINCINNATI,2017UCLA,2017UCLA
2017WICHITAST,2017KENTUCKY,2017KENTUCKY
2017WISCONSIN,2017FLORIDA,2017FLORIDA
2017BAYLOR,2017SOUTHCAROLINA,2017SOUTHCAROLINA
2017GONZAGA,2017WESTVIRGINIA,2017GONZAGA
2017XAVIER,2017ARIZONA,2017XAVIER
2017KANSAS,2017PURDUE,2017KANSAS
2017OREGON,2017MICHIGAN,2017OREGON
2017NORTHCAROLINA,2017BUTLER,2017NORTHCAROLINA
2017UCLA,2017KENTUCKY,2017KENTUCKY
2017FLORIDA,2017SOUTHCAROLINA,2017SOUTHCAROLINA
2017GONZAGA,2017XAVIER,2017GONZAGA
2017KANSAS,2017OREGON,2017OREGON
2017NORTHCAROLINA,2017KENTUCKY,2017NORTHCAROLINA
2017SOUTHCAROLINA,2017GONZAGA,2017GONZAGA
2017OREGON,2017NORTHCAROLINA,2017NORTHCAROLINA
2017GONZAGA,2017NORTHCAROLINA,2017NORTHCAROLINA
2016KANSAS,2016AUSTINPEAY,2016KANSAS
2016COLORADO,2016CONNECTICUT,2016CONNECTICUT
2016MARYLAND,2016SOUTHDAKOTAST,2016MARYLAND
2016CALIFORNIA,2016HAWAII,2016HAWAII
2016ARIZONA,2016WICHITAST,2016WICHITAST
2016MIAMIFL,2016BUFFALO,2016MIAMIFL
2016IOWA,2016TEMPLE,2016IOWA
2016VILLANOVA,2016UNCASHEVILLE,2016VILLANOVA
2016OREGON,2016HOLYCROSS,2016OREGON
2016SAINTJOSEPHS,2016CINCINNATI,2016SAINTJOSEPHS
2016BAYLOR,2016YALE,2016YALE
2016DUKE,2016UNCWILMINGTON,2016DUKE
2016TEXAS,2016NORTHERNIOWA,2016NORTHERNIOWA
2016TEXASAM,2016GREENBAY,2016TEXASAM
2016OREGONST,2016VCU,2016VCU
2016OKLAHOMA,2016CALSTBAKERSFIELD,2016OKLAHOMA
2016NORTHCAROLINA,2016FLORIDAGULFCOAST,2016NORTHCAROLINA
2016USC,2016PROVIDENCE,2016PROVIDENCE
2016INDIANA,2016CHATTANOOGA,2016INDIANA
2016KENTUCKY,2016STONYBROOK,2016KENTUCKY
2016NOTREDAME,2016MICHIGAN,2016NOTREDAME
2016WESTVIRGINIA,2016STEPHENFAUSTIN,2016STEPHENFAUSTIN
2016WISCONSIN,2016PITTSBURGH,2016WISCONSIN
2016XAVIER,2016WEBERST,2016XAVIER
2016VIRGINIA,2016HAMPTON,2016VIRGINIA
2016TEXASTECH,2016BUTLER,2016BUTLER
2016PURDUE,2016LITTLEROCK,2016LITTLEROCK
2016IOWAST,2016IONA,2016IOWAST
2016SETONHALL,2016GONZAGA,2016GONZAGA
2016UTAH,2016FRESNOST,2016UTAH
2016DAYTON,2016SYRACUSE,2016SYRACUSE
2016MICHIGANST,2016MIDDLETENNESSEE,2016MIDDLETENNESSEE
2016KANSAS,2016CONNECTICUT,2016KANSAS
2016MARYLAND,2016HAWAII,2016MARYLAND
2016WICHITAST,2016MIAMIFL,2016MIAMIFL
2016IOWA,2016VILLANOVA,2016VILLANOVA
2016OREGON,2016SAINTJOSEPHS,2016OREGON
2016YALE,2016DUKE,2016DUKE
2016NORTHERNIOWA,2016TEXASAM,2016TEXASAM
2016VCU,2016OKLAHOMA,2016OKLAHOMA
2016NORTHCAROLINA,2016PROVIDENCE,2016NORTHCAROLINA
2016INDIANA,2016KENTUCKY,2016INDIANA
2016NOTREDAME,2016STEPHENFAUSTIN,2016NOTREDAME
2016WISCONSIN,2016XAVIER,2016WISCONSIN
2016VIRGINIA,2016BUTLER,2016VIRGINIA
2016LITTLEROCK,2016IOWAST,2016IOWAST
2016GONZAGA,2016UTAH,2016GONZAGA
2016SYRACUSE,2016MIDDLETENNESSEE,2016SYRACUSE
2016KANSAS,2016MARYLAND,2016KANSAS
2016MIAMIFL,2016VILLANOVA,2016VILLANOVA
2016OREGON,2016DUKE,2016OREGON
2016TEXASAM,2016OKLAHOMA,2016OKLAHOMA
2016NORTHCAROLINA,2016INDIANA,2016NORTHCAROLINA
2016NOTREDAME,2016WISCONSIN,2016NOTREDAME
2016VIRGINIA,2016IOWAST,2016VIRGINIA
2016GONZAGA,2016SYRACUSE,2016SYRACUSE
2016KANSAS,2016VILLANOVA,2016VILLANOVA
2016OREGON,2016OKLAHOMA,2016OKLAHOMA
2016NORTHCAROLINA,2016NOTREDAME,2016NORTHCAROLINA
2016VIRGINIA,2016SYRACUSE,2016SYRACUSE
2016VILLANOVA,2016OKLAHOMA,2016VILLANOVA
2016NORTHCAROLINA,2016SYRACUSE,2016NORTHCAROLINA
2016VILLANOVA,2016NORTHCAROLINA,2016VILLANOVA
2015KENTUCKY,2015HAMPTON,2015KENTUCKY
2015CINCINNATI,2015PURDUE,2015CINCINNATI
2015WESTVIRGINIA,2015BUFFALO,2015WESTVIRGINIA
2015MARYLAND,2015VALPARAISO,2015MARYLAND
2015BUTLER,2015TEXAS,2015BUTLER
2015NOTREDAME,2015NORTHEASTERN,2015NOTREDAME
2015WICHITAST,2015INDIANA,2015WICHITAST
2015KANSAS,2015NEWMEXICOST,2015KANSAS
2015WISCONSIN,2015COASTALCAROLINA,2015WISCONSIN
2015OREGON,2015OKLAHOMAST,2015OREGON
2015ARKANSAS,2015WOFFORD,2015ARKANSAS
2015NORTHCAROLINA,2015HARVARD,2015NORTHCAROLINA
2015XAVIER,2015MISSISSIPPI,2015XAVIER
2015BAYLOR,2015GEORGIAST,2015GEORGIAST
2015VCU,2015OHIOST,2015OHIOST
2015ARIZONA,2015TEXASSOUTHERN,2015ARIZONA
2015VILLANOVA,2015LAFAYETTE,2015VILLANOVA
2015NORTHCAROLINAST,2015LSU,2015NORTHCAROLINAST
2015NORTHERNIOWA,2015WYOMING,2015NORTHERNIOWA
2015LOUISVILLE,2015UCIRVINE,2015LOUISVILLE
2015PROVIDENCE,2015DAYTON,2015DAYTON
2015OKLAHOMA,2015ALBANY,2015OKLAHOMA
2015MICHIGANST,2015GEORGIA,2015MICHIGANST
2015VIRGINIA,2015BELMONT,2015VIRGINIA
2015DUKE,2015ROBERTMORRIS,2015DUKE
2015SANDIEGOST,2015STJOHNS,2015SANDIEGOST
2015UTAH,2015STEPHENFAUSTIN,2015UTAH
2015GEORGETOWN,2015EASTERNWASHINGTON,2015GEORGETOWN
2015SMU,2015UCLA,2015UCLA
2015IOWAST,2015UAB,2015UAB
2015IOWA,2015DAVIDSON,2015IOWA
2015GONZAGA,2015NORTHDAKOTAST,2015GONZAGA
2015KENTUCKY,2015CINCINNATI,2015KENTUCKY
2015WESTVIRGINIA,2015MARYLAND,2015WESTVIRGINIA
2015BUTLER,2015NOTREDAME,2015NOTREDAME
2015WICHITAST,2015KANSAS,2015WICHITAST
2015WISCONSIN,2015OREGON,2015WISCONSIN
2015ARKANSAS,2015NORTHCAROLINA,2015NORTHCAROLINA
2015XAVIER,2015GEORGIAST,2015XAVIER
2015OHIOST,2015ARIZONA,2015ARIZONA
2015VILLANOVA,2015NORTHCAROLINAST,2015NORTHCAROLINAST
2015NORTHERNIOWA,2015LOUISVILLE,2015LOUISVILLE
2015DAYTON,2015OKLAHOMA,2015OKLAHOMA
2015MICHIGANST,2015VIRGINIA,2015MICHIGANST
2015DUKE,2015SANDIEGOST,2015DUKE
2015UTAH,2015GEORGETOWN,2015UTAH
2015UCLA,2015UAB,2015UCLA
2015IOWA,2015GONZAGA,2015GONZAGA
2015KENTUCKY,2015WESTVIRGINIA,2015KENTUCKY
2015NOTREDAME,2015WICHITAST,2015NOTREDAME
2015WISCONSIN,2015NORTHCAROLINA,2015WISCONSIN
2015XAVIER,2015ARIZONA,2015ARIZONA
2015NORTHCAROLINAST,2015LOUISVILLE,2015LOUISVILLE
2015OKLAHOMA,2015MICHIGANST,2015MICHIGANST
2015DUKE,2015UTAH,2015DUKE
2015UCLA,2015GONZAGA,2015GONZAGA
2015KENTUCKY,2015NOTREDAME,2015KENTUCKY
2015WISCONSIN,2015ARIZONA,2015WISCONSIN
2015LOUISVILLE,2015MICHIGANST,2015MICHIGANST
2015DUKE,2015GONZAGA,2015DUKE
2015KENTUCKY,2015WISCONSIN,2015WISCONSIN
2015MICHIGANST,2015DUKE,2015DUKE
2015WISCONSIN,2015DUKE,2015DUKE
2014FLORIDA,2014ALBANY,2014FLORIDA
2014COLORADO,2014PITTSBURGH,2014PITTSBURGH
2014VCU,2014STEPHENFAUSTIN,2014STEPHENFAUSTIN
2014UCLA,2014TULSA,2014UCLA
2014OHIOST,2014DAYTON,2014DAYTON
2014SYRACUSE,2014WESTERNMICHIGAN,2014SYRACUSE
2014NEWMEXICO,2014STANFORD,2014STANFORD
2014KANSAS,2014EASTERNKENTUCKY,2014KANSAS
2014VIRGINIA,2014COASTALCAROLINA,2014VIRGINIA
2014MEMPHIS,2014GEORGEWASHINGTON,2014MEMPHIS
2014CINCINNATI,2014HARVARD,2014HARVARD
2014MICHIGANST,2014DELAWARE,2014MICHIGANST
2014NORTHCAROLINA,2014PROVIDENCE,2014NORTHCAROLINA
2014IOWAST,2014NORTHCAROLINACENTRAL,2014IOWAST
2014CONNECTICUT,2014SAINTJOSEPHS,2014CONNECTICUT
2014VILLANOVA,2014MILWAUKEE,2014VILLANOVA
2014ARIZONA,2014WEBERST,2014ARIZONA
2014GONZAGA,2014OKLAHOMAST,2014GONZAGA
2014OKLAHOMA,2014NORTHDAKOTAST,2014NORTHDAKOTAST
2014SANDIEGOST,2014NEWMEXICOST,2014SANDIEGOST
2014BAYLOR,2014NEBRASKA,2014BAYLOR
2014CREIGHTON,2014LOUISIANALAFAYETTE,2014CREIGHTON
2014OREGON,2014BYU,2014OREGON
2014WISCONSIN,2014AMERICAN,2014WISCONSIN
2014WICHITAST,2014CALPOLY,2014WICHITAST
2014KENTUCKY,2014KANSASST,2014KENTUCKY
2014SAINTLOUIS,2014NORTHCAROLINAST,2014SAINTLOUIS
2014LOUISVILLE,2014MANHATTAN,2014LOUISVILLE
2014MASSACHUSETTS,2014TENNESSEE,2014TENNESSEE
2014DUKE,2014MERCER,2014MERCER
2014TEXAS,2014ARIZONAST,2014TEXAS
2014MICHIGAN,2014WOFFORD,2014MICHIGAN
2014FLORIDA,2014PITTSBURGH,2014FLORIDA
2014STEPHENFAUSTIN,2014UCLA,2014UCLA
2014DAYTON,2014SYRACUSE,2014DAYTON
2014STANFORD,2014KANSAS,2014STANFORD
2014VIRGINIA,2014MEMPHIS,2014VIRGINIA
2014HARVARD,2014MICHIGANST,2014MICHIGANST
2014NORTHCAROLINA,2014IOWAST,2014IOWAST
2014CONNECTICUT,2014VILLANOVA,2014CONNECTICUT
2014ARIZONA,2014GONZAGA,2014ARIZONA
2014NORTHDAKOTAST,2014SANDIEGOST,2014SANDIEGOST
2014BAYLOR,2014CREIGHTON,2014BAYLOR
2014OREGON,2014WISCONSIN,2014WISCONSIN
2014WICHITAST,2014KENTUCKY,2014KENTUCKY
2014SAINTLOUIS,2014LOUISVILLE,2014LOUISVILLE
2014TENNESSEE,2014MERCER,2014TENNESSEE
2014TEXAS,2014MICHIGAN,2014MICHIGAN
2014FLORIDA,2014UCLA,2014FLORIDA
2014DAYTON,2014STANFORD,2014DAYTON
2014VIRGINIA,2014MICHIGANST,2014MICHIGANST
2014IOWAST,2014CONNECTICUT,2014CONNECTICUT
2014ARIZONA,2014SANDIEGOST,2014ARIZONA
2014BAYLOR,2014WISCONSIN,2014WISCONSIN
2014KENTUCKY,2014LOUISVILLE,2014KENTUCKY
2014TENNESSEE,2014MICHIGAN,2014MICHIGAN
2014FLORIDA,2014DAYTON,2014FLORIDA
2014MICHIGANST,2014CONNECTICUT,2014CONNECTICUT
2014ARIZONA,2014WISCONSIN,2014WISCONSIN
2014KENTUCKY,2014MICHIGAN,2014KENTUCKY
2014FLORIDA,2014CONNECTICUT,2014CONNECTICUT
2014WISCONSIN,2014KENTUCKY,2014KENTUCKY
2014CONNECTICUT,2014KENTUCKY,2014CONNECTICUT
2013LOUISVILLE,2013NORTHCAROLINAAT,2013LOUISVILLE
2013COLORADOST,2013MISSOURI,2013COLORADOST
2013OKLAHOMAST,2013OREGON,2013OREGON
2013SAINTLOUIS,2013NEWMEXICOST,2013SAINTLOUIS
2013MEMPHIS,2013SAINTMARYS,2013MEMPHIS
2013MICHIGANST,2013VALPARAISO,2013MICHIGANST
2013CREIGHTON,2013CINCINNATI,2013CREIGHTON
2013DUKE,2013ALBANY,2013DUKE
2013GONZAGA,2013SOUTHERN,2013GONZAGA
2013PITTSBURGH,2013WICHITAST,2013WICHITAST
2013WISCONSIN,2013MISSISSIPPI,2013MISSISSIPPI
2013KANSASST,2013LASALLE,2013LASALLE
2013ARIZONA,2013BELMONT,2013ARIZONA
2013NEWMEXICO,2013HARVARD,2013HARVARD
2013NOTREDAME,2013IOWAST,2013IOWAST
2013OHIOST,2013IONA,2013OHIOST
2013KANSAS,2013WESTERNKENTUCKY,2013KANSAS
2013NORTHCAROLINA,2013VILLANOVA,2013NORTHCAROLINA
2013VCU,2013AKRON,2013VCU
2013MICHIGAN,2013SOUTHDAKOTAST,2013MICHIGAN
2013UCLA,2013MINNESOTA,2013MINNESOTA
2013FLORIDA,2013NORTHWESTERNST,2013FLORIDA
2013SANDIEGOST,2013OKLAHOMA,2013SANDIEGOST
2013GEORGETOWN,2013FLORIDAGULFCOAST,2013FLORIDAGULFCOAST
2013INDIANA,2013JAMESMADISON,2013INDIANA
2013NORTHCAROLINAST,2013TEMPLE,2013TEMPLE
2013UNLV,2013CALIFORNIA,2013CALIFORNIA
2013SYRACUSE,2013MONTANA,2013SYRACUSE
2013BUTLER,2013BUCKNELL,2013BUTLER
2013MARQUETTE,2013DAVIDSON,2013MARQUETTE
2013ILLINOIS,2013COLORADO,2013ILLINOIS
2013MIAMIFL,2013PACIFIC,2013MIAMIFL
2013LOUISVILLE,2013COLORADOST,2013LOUISVILLE
2013OREGON,2013SAINTLOUIS,2013OREGON
2013MEMPHIS,2013MICHIGANST,2013MICHIGANST
2013CREIGHTON,2013DUKE,2013DUKE
2013GONZAGA,2013WICHITAST,2013WICHITAST
2013MISSISSIPPI,2013LASALLE,2013LASALLE
2013ARIZONA,2013HARVARD,2013ARIZONA
2013IOWAST,2013OHIOST,2013OHIOST
2013KANSAS,2013NORTHCAROLINA,2013KANSAS
2013VCU,2013MICHIGAN,2013MICHIGAN
2013MINNESOTA,2013FLORIDA,2013FLORIDA
2013SANDIEGOST,2013FLORIDAGULFCOAST,2013FLORIDAGULFCOAST
2013INDIANA,2013TEMPLE,2013INDIANA
2013CALIFORNIA,2013SYRACUSE,2013SYRACUSE
2013BUTLER,2013MARQUETTE,2013MARQUETTE
2013ILLINOIS,2013MIAMIFL,2013MIAMIFL
2013LOUISVILLE,2013OREGON,2013LOUISVILLE
2013MICHIGANST,2013DUKE,2013DUKE
2013WICHITAST,2013LASALLE,2013WICHITAST
2013ARIZONA,2013OHIOST,2013OHIOST
2013KANSAS,2013MICHIGAN,2013MICHIGAN
2013FLORIDA,2013FLORIDAGULFCOAST,2013FLORIDA
2013INDIANA,2013SYRACUSE,2013SYRACUSE
2013MARQUETTE,2013MIAMIFL,2013MARQUETTE
2013LOUISVILLE,2013DUKE,2013LOUISVILLE
2013WICHITAST,2013OHIOST,2013WICHITAST
2013MICHIGAN,2013FLORIDA,2013MICHIGAN
2013SYRACUSE,2013MARQUETTE,2013SYRACUSE
2013LOUISVILLE,2013WICHITAST,2013LOUISVILLE
2013MICHIGAN,2013SYRACUSE,2013MICHIGAN
2013LOUISVILLE,2013MICHIGAN,2013LOUISVILLE
2012KENTUCKY,2012WESTERNKENTUCKY,2012KENTUCKY
2012IOWAST,2012CONNECTICUT,2012IOWAST
2012WICHITAST,2012VCU,2012VCU
2012INDIANA,2012NEWMEXICOST,2012INDIANA
2012UNLV,2012COLORADO,2012COLORADO
2012BAYLOR,2012SOUTHDAKOTAST,2012BAYLOR
2012NOTREDAME,2012XAVIER,2012XAVIER
2012DUKE,2012LEHIGH,2012LEHIGH
2012MICHIGANST,2012LIUBROOKLYN,2012MICHIGANST
2012MEMPHIS,2012SAINTLOUIS,2012SAINTLOUIS
2012NEWMEXICO,2012LONGBEACHST,2012NEWMEXICO
2012LOUISVILLE,2012DAVIDSON,2012LOUISVILLE
2012MURRAYST,2012COLORADOST,2012MURRAYST
2012MARQUETTE,2012BYU,2012MARQUETTE
2012FLORIDA,2012VIRGINIA,2012FLORIDA
2012MISSOURI,2012NORFOLKST,2012NORFOLKST
2012SYRACUSE,2012UNCASHEVILLE,2012SYRACUSE
2012KANSASST,2012SOUTHERNMISS,2012KANSASST
2012VANDERBILT,2012HARVARD,2012VANDERBILT
2012WISCONSIN,2012MONTANA,2012WISCONSIN
2012CINCINNATI,2012TEXAS,2012CINCINNATI
2012FLORIDAST,2012STBONAVENTURE,2012FLORIDAST
2012GONZAGA,2012WESTVIRGINIA,2012GONZAGA
2012OHIOST,2012LOYOLAMD,2012OHIOST
2012NORTHCAROLINA,2012VERMONT,2012NORTHCAROLINA
2012CREIGHTON,2012ALABAMA,2012CREIGHTON
2012TEMPLE,2012SOUTHFLORIDA,2012SOUTHFLORIDA
2012MICHIGAN,2012OHIO,2012OHIO
2012SANDIEGOST,2012NORTHCAROLINAST,2012NORTHCAROLINAST
2012GEORGETOWN,2012BELMONT,2012GEORGETOWN
2012SAINTMARYS,2012PURDUE,2012PURDUE
2012KANSAS,2012DETROIT,2012KANSAS
2012KENTUCKY,2012IOWAST,2012KENTUCKY
2012VCU,2012INDIANA,2012INDIANA
2012COLORADO,2012BAYLOR,2012BAYLOR
2012XAVIER,2012LEHIGH,2012XAVIER
2012MICHIGANST,2012SAINTLOUIS,2012MICHIGANST
2012NEWMEXICO,2012LOUISVILLE,2012LOUISVILLE
2012MURRAYST,2012MARQUETTE,2012MARQUETTE
2012FLORIDA,2012NORFOLKST,2012FLORIDA
2012SYRACUSE,2012KANSASST,2012SYRACUSE
2012VANDERBILT,2012WISCONSIN,2012WISCONSIN
2012CINCINNATI,2012FLORIDAST,2012CINCINNATI
2012GONZAGA,2012OHIOST,2012OHIOST
2012NORTHCAROLINA,2012CREIGHTON,2012NORTHCAROLINA
2012SOUTHFLORIDA,2012OHIO,2012OHIO
2012NORTHCAROLINAST,2012GEORGETOWN,2012NORTHCAROLINAST
2012PURDUE,2012KANSAS,2012KANSAS
2012KENTUCKY,2012INDIANA,2012KENTUCKY
2012BAYLOR,2012XAVIER,2012BAYLOR
2012MICHIGANST,2012LOUISVILLE,2012LOUISVILLE
2012MARQUETTE,2012FLORIDA,2012FLORIDA
2012SYRACUSE,2012WISCONSIN,2012SYRACUSE
2012CINCINNATI,2012OHIOST,2012OHIOST
2012NORTHCAROLINA,2012OHIO,2012NORTHCAROLINA
2012NORTHCAROLINAST,2012KANSAS,2012KANSAS
2012KENTUCKY,2012BAYLOR,2012KENTUCKY
2012LOUISVILLE,2012FLORIDA,2012LOUISVILLE
2012SYRACUSE,2012OHIOST,2012OHIOST
2012NORTHCAROLINA,2012KANSAS,2012KANSAS
2012KENTUCKY,2012LOUISVILLE,2012KENTUCKY
2012OHIOST,2012KANSAS,2012KANSAS
2012KENTUCKY,2012KANSAS,2012KENTUCKY
2011OHIOST,2011UTSA,2011OHIOST
2011GEORGEMASON,2011VILLANOVA,2011GEORGEMASON
2011WESTVIRGINIA,2011CLEMSON,2011WESTVIRGINIA
2011KENTUCKY,2011PRINCETON,2011KENTUCKY
2011XAVIER,2011MARQUETTE,2011MARQUETTE
2011SYRACUSE,2011INDIANAST,2011SYRACUSE
2011WASHINGTON,2011GEORGIA,2011WASHINGTON
2011NORTHCAROLINA,2011LIUBROOKLYN,2011NORTHCAROLINA
2011DUKE,2011HAMPTON,2011DUKE
2011MICHIGAN,2011TENNESSEE,2011MICHIGAN
2011ARIZONA,2011MEMPHIS,2011ARIZONA
2011TEXAS,2011OAKLAND,2011TEXAS
2011CINCINNATI,2011MISSOURI,2011CINCINNATI
2011CONNECTICUT,2011BUCKNELL,2011CONNECTICUT
2011TEMPLE,2011PENNST,2011TEMPLE
2011SANDIEGOST,2011NORTHERNCOLORADO,2011SANDIEGOST
2011KANSAS,2011BOSTONUNIVERSITY,2011KANSAS
2011UNLV,2011ILLINOIS,2011ILLINOIS
2011VANDERBILT,2011RICHMOND,2011RICHMOND
2011LOUISVILLE,2011MOREHEADST,2011MOREHEADST
2011GEORGETOWN,2011VCU,2011VCU
2011PURDUE,2011SAINTPETERS,2011PURDUE
2011TEXASAM,2011FLORIDAST,2011FLORIDAST
2011NOTREDAME,2011AKRON,2011NOTREDAME
2011PITTSBURGH,2011UNCASHEVILLE,2011PITTSBURGH
2011BUTLER,2011OLDDOMINION,2011BUTLER
2011KANSASST,2011UTAHST,2011KANSASST
2011WISCONSIN,2011BELMONT,2011WISCONSIN
2011STJOHNS,2011GONZAGA,2011GONZAGA
2011BYU,2011WOFFORD,2011BYU
2011UCLA,2011MICHIGANST,2011UCLA
2011FLORIDA,2011UCSANTABARBARA,2011FLORIDA
2011OHIOST,2011GEORGEMASON,2011OHIOST
2011WESTVIRGINIA,2011KENTUCKY,2011KENTUCKY
2011MARQUETTE,2011SYRACUSE,2011MARQUETTE
2011WASHINGTON,2011NORTHCAROLINA,2011NORTHCAROLINA
2011DUKE,2011MICHIGAN,2011DUKE
2011ARIZONA,2011TEXAS,2011ARIZONA
2011CINCINNATI,2011CONNECTICUT,2011CONNECTICUT
2011TEMPLE,2011SANDIEGOST,2011SANDIEGOST
2011KANSAS,2011ILLINOIS,2011KANSAS
2011RICHMOND,2011MOREHEADST,2011RICHMOND
2011VCU,2011PURDUE,2011VCU
2011FLORIDAST,2011NOTREDAME,2011FLORIDAST
2011PITTSBURGH,2011BUTLER,2011BUTLER
2011KANSASST,2011WISCONSIN,2011WISCONSIN
2011GONZAGA,2011BYU,2011BYU
2011UCLA,2011FLORIDA,2011FLORIDA
2011OHIOST,2011KENTUCKY,2011KENTUCKY
2011MARQUETTE,2011NORTHCAROLINA,2011NORTHCAROLINA
2011DUKE,2011ARIZONA,2011ARIZONA
2011CONNECTICUT,2011SANDIEGOST,2011CONNECTICUT
2011KANSAS,2011RICHMOND,2011KANSAS
2011VCU,2011FLORIDAST,2011VCU
2011BUTLER,2011WISCONSIN,2011BUTLER
2011BYU,2011FLORIDA,2011FLORIDA
2011KENTUCKY,2011NORTHCAROLINA,2011KENTUCKY
2011ARIZONA,2011CONNECTICUT,2011CONNECTICUT
2011KANSAS,2011VCU,2011VCU
2011BUTLER,2011FLORIDA,2011BUTLER
2011KENTUCKY,2011CONNECTICUT,2011CONNECTICUT
2011VCU,2011BUTLER,2011BUTLER
2011CONNECTICUT,2011BUTLER,2011CONNECTICUT
2010KANSAS,2010LEHIGH,2010KANSAS
2010UNLV,2010NORTHERNIOWA,2010NORTHERNIOWA
2010MICHIGANST,2010NEWMEXICOST,2010MICHIGANST
2010MARYLAND,2010HOUSTON,2010MARYLAND
2010TENNESSEE,2010SANDIEGOST,2010TENNESSEE
2010GEORGETOWN,2010OHIO,2010OHIO
2010OKLAHOMAST,2010GEORGIATECH,2010GEORGIATECH
2010OHIOST,2010UCSANTABARBARA,2010OHIOST
2010SYRACUSE,2010VERMONT,2010SYRACUSE
2010GONZAGA,2010FLORIDAST,2010GONZAGA
2010BUTLER,2010UTEP,2010BUTLER
2010VANDERBILT,2010MURRAYST,2010MURRAYST
2010XAVIER,2010MINNESOTA,2010XAVIER
2010PITTSBURGH,2010OAKLAND,2010PITTSBURGH
2010BYU,2010FLORIDA,2010BYU
2010KANSASST,2010NORTHTEXAS,2010KANSASST
2010KENTUCKY,2010EASTTENNESSEEST,2010KENTUCKY
2010TEXAS,2010WAKEFOREST,2010WAKEFOREST
2010TEMPLE,2010CORNELL,2010CORNELL
2010WISCONSIN,2010WOFFORD,2010WISCONSIN
2010MARQUETTE,2010WASHINGTON,2010WASHINGTON
2010NEWMEXICO,2010MONTANA,2010NEWMEXICO
2010CLEMSON,2010MISSOURI,2010MISSOURI
2010WESTVIRGINIA,2010MORGANST,2010WESTVIRGINIA
2010DUKE,2010ARKANSASPINEBLUFF,2010DUKE
2010CALIFORNIA,2010LOUISVILLE,2010CALIFORNIA
2010TEXASAM,2010UTAHST,2010TEXASAM
2010PURDUE,2010SIENA,2010PURDUE
2010NOTREDAME,2010OLDDOMINION,2010OLDDOMINION
2010BAYLOR,2010SAMHOUSTONST,2010BAYLOR
2010RICHMOND,2010SAINTMARYS,2010SAINTMARYS
2010VILLANOVA,2010ROBERTMORRIS,2010VILLANOVA
2010KANSAS,2010NORTHERNIOWA,2010NORTHERNIOWA
2010MICHIGANST,2010MARYLAND,2010MICHIGANST
2010TENNESSEE,2010OHIO,2010TENNESSEE
2010GEORGIATECH,2010OHIOST,2010OHIOST
2010SYRACUSE,2010GONZAGA,2010SYRACUSE
2010BUTLER,2010MURRAYST,2010BUTLER
2010XAVIER,2010PITTSBURGH,2010XAVIER
2010BYU,2010KANSASST,2010KANSASST
2010KENTUCKY,2010WAKEFOREST,2010KENTUCKY
2010CORNELL,2010WISCONSIN,2010CORNELL
2010WASHINGTON,2010NEWMEXICO,2010WASHINGTON
2010MISSOURI,2010WESTVIRGINIA,2010WESTVIRGINIA
2010DUKE,2010CALIFORNIA,2010DUKE
2010TEXASAM,2010PURDUE,2010PURDUE
2010OLDDOMINION,2010BAYLOR,2010BAYLOR
2010SAINTMARYS,2010VILLANOVA,2010SAINTMARYS
2010NORTHERNIOWA,2010MICHIGANST,2010MICHIGANST
2010TENNESSEE,2010OHIOST,2010TENNESSEE
2010SYRACUSE,2010BUTLER,2010BUTLER
2010XAVIER,2010KANSASST,2010KANSASST
2010KENTUCKY,2010CORNELL,2010KENTUCKY
2010WASHINGTON,2010WESTVIRGINIA,2010WESTVIRGINIA
2010DUKE,2010PURDUE,2010DUKE
2010BAYLOR,2010SAINTMARYS,2010BAYLOR
2010MICHIGANST,2010TENNESSEE,2010MICHIGANST
2010BUTLER,2010KANSASST,2010BUTLER
2010KENTUCKY,2010WESTVIRGINIA,2010WESTVIRGINIA
2010DUKE,2010BAYLOR,2010DUKE
2010MICHIGANST,2010BUTLER,2010BUTLER
2010WESTVIRGINIA,2010DUKE,2010DUKE
2010BUTLER,2010DUKE,2010DUKE
2009LOUISVILLE,2009MOREHEADST,2009LOUISVILLE
2009OHIOST,2009SIENA,2009SIENA
2009UTAH,2009ARIZONA,2009ARIZONA
2009WAKEFOREST,2009CLEVELANDST,2009CLEVELANDST
2009WESTVIRGINIA,2009DAYTON,2009DAYTON
2009KANSAS,2009NORTHDAKOTAST,2009KANSAS
2009BOSTONCOLLEGE,2009USC,2009USC
2009MICHIGANST,2009ROBERTMORRIS,2009MICHIGANST
2009CONNECTICUT,2009CHATTANOOGA,2009CONNECTICUT
2009BYU,2009TEXASAM,2009TEXASAM
2009PURDUE,2009NORTHERNIOWA,2009PURDUE
2009WASHINGTON,2009MISSISSIPPIST,2009WASHINGTON
2009MARQUETTE,2009UTAHST,2009MARQUETTE
2009MISSOURI,2009CORNELL,2009MISSOURI
2009CALIFORNIA,2009MARYLAND,2009MARYLAND
2009MEMPHIS,2009CALSTNORTHRIDGE,2009MEMPHIS
2009PITTSBURGH,2009EASTTENNESSEEST,2009PITTSBURGH
2009OKLAHOMAST,2009TENNESSEE,2009OKLAHOMAST
2009FLORIDAST,2009WISCONSIN,2009WISCONSIN
2009XAVIER,2009PORTLANDST,2009XAVIER
2009UCLA,2009VCU,2009UCLA
2009VILLANOVA,2009AMERICAN,2009VILLANOVA
2009TEXAS,2009MINNESOTA,2009TEXAS
2009DUKE,2009BINGHAMTON,2009DUKE
2009NORTHCAROLINA,2009RADFORD,2009NORTHCAROLINA
2009LSU,2009BUTLER,2009LSU
2009ILLINOIS,2009WESTERNKENTUCKY,2009WESTERNKENTUCKY
2009GONZAGA,2009AKRON,2009GONZAGA
2009ARIZONAST,2009TEMPLE,2009ARIZONAST
2009SYRACUSE,2009STEPHENFAUSTIN,2009SYRACUSE
2009CLEMSON,2009MICHIGAN,2009MICHIGAN
2009OKLAHOMA,2009MORGANST,2009OKLAHOMA
2009LOUISVILLE,2009SIENA,2009LOUISVILLE
2009ARIZONA,2009CLEVELANDST,2009ARIZONA
2009DAYTON,2009KANSAS,2009KANSAS
2009USC,2009MICHIGANST,2009MICHIGANST
2009CONNECTICUT,2009TEXASAM,2009CONNECTICUT
2009PURDUE,2009WASHINGTON,2009PURDUE
2009MARQUETTE,2009MISSOURI,2009MISSOURI
2009MARYLAND,2009MEMPHIS,2009MEMPHIS
2009PITTSBURGH,2009OKLAHOMAST,2009PITTSBURGH
2009WISCONSIN,2009XAVIER,2009XAVIER
2009UCLA,2009VILLANOVA,2009VILLANOVA
2009TEXAS,2009DUKE,2009DUKE
2009NORTHCAROLINA,2009LSU,2009NORTHCAROLINA
2009WESTERNKENTUCKY,2009GONZAGA,2009GONZAGA
2009ARIZONAST,2009SYRACUSE,2009SYRACUSE
2009MICHIGAN,2009OKLAHOMA,2009OKLAHOMA
2009LOUISVILLE,2009ARIZONA,2009LOUISVILLE
2009KANSAS,2009MICHIGANST,2009MICHIGANST
2009CONNECTICUT,2009PURDUE,2009CONNECTICUT
2009MISSOURI,2009MEMPHIS,2009MISSOURI
2009PITTSBURGH,2009XAVIER,2009PITTSBURGH
2009VILLANOVA,2009DUKE,2009VILLANOVA
2009NORTHCAROLINA,2009GONZAGA,2009NORTHCAROLINA
2009SYRACUSE,2009OKLAHOMA,2009OKLAHOMA
2009LOUISVILLE,2009MICHIGANST,2009MICHIGANST
2009CONNECTICUT,2009MISSOURI,2009CONNECTICUT
2009PITTSBURGH,2009VILLANOVA,2009VILLANOVA
2009NORTHCAROLINA,2009OKLAHOMA,2009NORTHCAROLINA
2009MICHIGANST,2009CONNECTICUT,2009MICHIGANST
2009VILLANOVA,2009NORTHCAROLINA,2009NORTHCAROLINA
2009MICHIGANST,2009NORTHCAROLINA,2009NORTHCAROLINA
2008NORTHCAROLINA,2008MOUNTSTMARYS,2008NORTHCAROLINA
2008INDIANA,2008ARKANSAS,2008ARKANSAS
2008NOTREDAME,2008GEORGEMASON,2008NOTREDAME
2008WASHINGTONST,2008WINTHROP,2008WASHINGTONST
2008OKLAHOMA,2008SAINTJOSEPHS,2008OKLAHOMA
2008LOUISVILLE,2008BOISEST,2008LOUISVILLE
2008BUTLER,2008SOUTHALABAMA,2008BUTLER
2008TENNESSEE,2008AMERICAN,2008TENNESSEE
2008KANSAS,2008PORTLANDST,2008KANSAS
2008UNLV,2008KENTST,2008UNLV
2008CLEMSON,2008VILLANOVA,2008VILLANOVA
2008VANDERBILT,2008SIENA,2008SIENA
2008USC,2008KANSASST,2008KANSASST
2008WISCONSIN,2008CALSTFULLERTON,2008WISCONSIN
2008GONZAGA,2008DAVIDSON,2008DAVIDSON
2008GEORGETOWN,2008UMBC,2008GEORGETOWN
2008MEMPHIS,2008UTARLINGTON,2008MEMPHIS
2008MISSISSIPPIST,2008OREGON,2008MISSISSIPPIST
2008MICHIGANST,2008TEMPLE,2008MICHIGANST
2008PITTSBURGH,2008ORALROBERTS,2008PITTSBURGH
2008MARQUETTE,2008KENTUCKY,2008MARQUETTE
2008STANFORD,2008CORNELL,2008STANFORD
2008MIAMIFL,2008SAINTMARYS,2008MIAMIFL
2008TEXAS,2008AUSTINPEAY,2008TEXAS
2008UCLA,2008MISSISSIPPIVALLEYST,2008UCLA
2008BYU,2008TEXASAM,2008TEXASAM
2008DRAKE,2008WESTERNKENTUCKY,2008WESTERNKENTUCKY
2008CONNECTICUT,2008SANDIEGO,2008SANDIEGO
2008PURDUE,2008BAYLOR,2008PURDUE
2008XAVIER,2008GEORGIA,2008XAVIER
2008WESTVIRGINIA,2008ARIZONA,2008WESTVIRGINIA
2008DUKE,2008BELMONT,2008DUKE
2008NORTHCAROLINA,2008ARKANSAS,2008NORTHCAROLINA
2008NOTREDAME,2008WASHINGTONST,2008WASHINGTONST
2008OKLAHOMA,2008LOUISVILLE,2008LOUISVILLE
2008BUTLER,2008TENNESSEE,2008TENNESSEE
2008KANSAS,2008UNLV,2008KANSAS
2008VILLANOVA,2008SIENA,2008VILLANOVA
2008KANSASST,2008WISCONSIN,2008WISCONSIN
2008DAVIDSON,2008GEORGETOWN,2008DAVIDSON
2008MEMPHIS,2008MISSISSIPPIST,2008MEMPHIS
2008MICHIGANST,2008PITTSBURGH,2008MICHIGANST
2008MARQUETTE,2008STANFORD,2008STANFORD
2008MIAMIFL,2008TEXAS,2008TEXAS
2008UCLA,2008TEXASAM,2008UCLA
2008WESTERNKENTUCKY,2008SANDIEGO,2008WESTERNKENTUCKY
2008PURDUE,2008XAVIER,2008XAVIER
2008WESTVIRGINIA,2008DUKE,2008WESTVIRGINIA
2008NORTHCAROLINA,2008WASHINGTONST,2008NORTHCAROLINA
2008LOUISVILLE,2008TENNESSEE,2008LOUISVILLE
2008KANSAS,2008VILLANOVA,2008KANSAS
2008WISCONSIN,2008DAVIDSON,2008DAVIDSON
2008MEMPHIS,2008MICHIGANST,2008MEMPHIS
2008STANFORD,2008TEXAS,2008TEXAS
2008UCLA,2008WESTERNKENTUCKY,2008UCLA
2008XAVIER,2008WESTVIRGINIA,2008XAVIER
2008NORTHCAROLINA,2008LOUISVILLE,2008NORTHCAROLINA
2008KANSAS,2008DAVIDSON,2008KANSAS
2008MEMPHIS,2008TEXAS,2008MEMPHIS
2008UCLA,2008XAVIER,2008UCLA
2008NORTHCAROLINA,2008KANSAS,2008KANSAS
2008MEMPHIS,2008UCLA,2008MEMPHIS
2008KANSAS,2008MEMPHIS,2008KANSAS
